Class 3 vehicles:,vehicles with a ratio of rated power in W / kerb mass in kg  > 34,,,,,,,,,,,,,,,,,
,,,,,,,,,,,,,,,,,,
"For further requirements/recommendations see table ""Explanations""",,,,,,,,,,,,,,,,,,
,,,,,,,,,,,,,,,,,,
Phase,Total elapsed time,Phase elapsed time,"WLTC class 3, version 5, vehicle speed","WLTC class 3, version 5, acceleration","WLTC class 3, version 5, acceleration",phase,duration (s),stop duration (s),distance (m),p_stop (%),v_max (km/h),v_ave without stops (km/h),v_ave with stops (km/h),a_min (m/s²),a_max (m/s²),,,
Phase,s,s,km/h,m/s²,km/h/s,low,589,156,3095,26.50%,56.5,25.7,18.9,-1.47,1.47,,,
Low,0,0,0,0,0,medium,433,48,4756,11.10%,76.6,44.5,39.5,-1.49,1.57,1,,0
Low,1,1,0,0,0,high,455,31,7158,6.80%,97.4,60.8,56.6,-1.49,1.58,1,,0
Low,2,2,0,0,0,extra high,323,7,8254,2.20%,131.3,94,92,-1.21,1.03,1,,0
Low,3,3,0,0,0,,1800,242,23262,,,,,,,1,,0
Low,4,4,0,0,0,,,,,,,,,,,1,,0
Low,5,5,0,0,0,,,,,,,,,,,1,,0
Low,6,6,0,0,0,,,,,,,,,,,1,,0
Low,7,7,0,0,0,,,,,,,,,,,1,,0
Low,8,8,0,0,0,,,,,,,,,,,1,,0
Low,9,9,0,0,0,,,,,,,,,,,1,,0
Low,10,10,0,0,0,,,,,,,,,,,1,,0
Low,11,11,0,0.03,0.1,,,,,,,,,,,1,,0
Low,12,12,0.2,0.24,0.85,,,,,,,,,,,1,,0.055555556
Low,13,13,1.7,0.72,2.6,,,,,,,,,,,0,1.7,0.472222222
Low,14,14,5.4,1.14,4.1,,,,,,,,,,,0,5.4,1.5
Low,15,15,9.9,1.07,3.85,,,,,,,,,,,0,9.9,2.75
Low,16,16,13.1,0.97,3.5,,,,,,,,,,,0,13.1,3.638888889
Low,17,17,16.9,1.19,4.3,,,,,,,,,,,0,16.9,4.694444444
Low,18,18,21.7,1.26,4.55,,,,,,,,,,,0,21.7,6.027777778
Low,19,19,26,0.81,2.9,,,,,,,,,,,0,26,7.222222222
Low,20,20,27.5,0.29,1.05,,,,,,,,,,,0,27.5,7.638888889
Low,21,21,28.1,0.11,0.4,,,,,,,,,,,0,28.1,7.805555556
Low,22,22,28.3,0.1,0.35,,,,,,,,,,,0,28.3,7.861111111
Low,23,23,28.8,0.11,0.4,,,,,,,,,,,0,28.8,8
Low,24,24,29.1,0.28,1,,,,,,,,,,,0,29.1,8.083333333
Low,25,25,30.8,0.39,1.4,,,,,,,,,,,0,30.8,8.555555556
Low,26,26,31.9,0.46,1.65,,,,,,,,,,,0,31.9,8.861111111
Low,27,27,34.1,0.65,2.35,,,,,,,,,,,0,34.1,9.472222222
Low,28,28,36.6,0.69,2.5,,,,,,,,,,,0,36.6,10.16666667
Low,29,29,39.1,0.65,2.35,,,,,,,,,,,0,39.1,10.86111111
Low,30,30,41.3,0.47,1.7,,,,,,,,,,,0,41.3,11.47222222
Low,31,31,42.5,0.28,1,,,,,,,,,,,0,42.5,11.80555556
Low,32,32,43.3,0.19,0.7,,,,,,,,,,,0,43.3,12.02777778
Low,33,33,43.9,0.15,0.55,,,,,,,,,,,0,43.9,12.19444444
Low,34,34,44.4,0.08,0.3,,,,,,,,,,,0,44.4,12.33333333
Low,35,35,44.5,-0.03,-0.1,,,,,,,,,,,0,44.5,12.36111111
Low,36,36,44.2,-0.25,-0.9,,,,,,,,,,,0,44.2,12.27777778
Low,37,37,42.7,-0.6,-2.15,,,,,,,,,,,0,42.7,11.86111111
Low,38,38,39.9,-0.79,-2.85,,,,,,,,,,,0,39.9,11.08333333
Low,39,39,37,-0.74,-2.65,,,,,,,,,,,0,37,10.27777778
Low,40,40,34.6,-0.65,-2.35,,,,,,,,,,,0,34.6,9.611111111
Low,41,41,32.3,-0.78,-2.8,,,,,,,,,,,0,32.3,8.972222222
Low,42,42,29,-1,-3.6,,,,,,,,,,,0,29,8.055555556
Low,43,43,25.1,-0.94,-3.4,,,,,,,,,,,0,25.1,6.972222222
Low,44,44,22.2,-0.58,-2.1,,,,,,,,,,,0,22.2,6.166666667
Low,45,45,20.9,-0.25,-0.9,,,,,,,,,,,0,20.9,5.805555556
Low,46,46,20.4,-0.19,-0.7,,,,,,,,,,,0,20.4,5.666666667
Low,47,47,19.5,-0.28,-1,,,,,,,,,,,0,19.5,5.416666667
Low,48,48,18.4,-0.24,-0.85,,,,,,,,,,,0,18.4,5.111111111
Low,49,49,17.8,-0.08,-0.3,,,,,,,,,,,0,17.8,4.944444444
Low,50,50,17.8,-0.06,-0.2,,,,,,,,,,,0,17.8,4.944444444
Low,51,51,17.4,-0.29,-1.05,,,,,,,,,,,0,17.4,4.833333333
Low,52,52,15.7,-0.6,-2.15,,,,,,,,,,,0,15.7,4.361111111
Low,53,53,13.1,-0.5,-1.8,,,,,,,,,,,0,13.1,3.638888889
Low,54,54,12.1,-0.15,-0.55,,,,,,,,,,,0,12.1,3.361111111
Low,55,55,12,-0.01,-0.05,,,,,,,,,,,0,12,3.333333333
Low,56,56,12,0,0,,,,,,,,,,,0,12,3.333333333
Low,57,57,12,0.04,0.15,,,,,,,,,,,0,12,3.333333333
Low,58,58,12.3,0.08,0.3,,,,,,,,,,,0,12.3,3.416666667
Low,59,59,12.6,0.33,1.2,,,,,,,,,,,0,12.6,3.5
Low,60,60,14.7,0.38,1.35,,,,,,,,,,,0,14.7,4.083333333
Low,61,61,15.3,0.17,0.6,,,,,,,,,,,0,15.3,4.25
Low,62,62,15.9,0.13,0.45,,,,,,,,,,,0,15.9,4.416666667
Low,63,63,16.2,0.17,0.6,,,,,,,,,,,0,16.2,4.5
Low,64,64,17.1,0.22,0.8,,,,,,,,,,,0,17.1,4.75
Low,65,65,17.8,0.14,0.5,,,,,,,,,,,0,17.8,4.944444444
Low,66,66,18.1,0.08,0.3,,,,,,,,,,,0,18.1,5.027777778
Low,67,67,18.4,0.31,1.1,,,,,,,,,,,0,18.4,5.111111111
Low,68,68,20.3,0.67,2.4,,,,,,,,,,,0,20.3,5.638888889
Low,69,69,23.2,0.86,3.1,,,,,,,,,,,0,23.2,6.444444444
Low,70,70,26.5,0.92,3.3,,,,,,,,,,,0,26.5,7.361111111
Low,71,71,29.8,0.85,3.05,,,,,,,,,,,0,29.8,8.277777778
Low,72,72,32.6,0.64,2.3,,,,,,,,,,,0,32.6,9.055555556
Low,73,73,34.4,0.4,1.45,,,,,,,,,,,0,34.4,9.555555556
Low,74,74,35.5,0.28,1,,,,,,,,,,,0,35.5,9.861111111
Low,75,75,36.4,0.26,0.95,,,,,,,,,,,0,36.4,10.11111111
Low,76,76,37.4,0.29,1.05,,,,,,,,,,,0,37.4,10.38888889
Low,77,77,38.5,0.26,0.95,,,,,,,,,,,0,38.5,10.69444444
Low,78,78,39.3,0.14,0.5,,,,,,,,,,,0,39.3,10.91666667
Low,79,79,39.5,-0.04,-0.15,,,,,,,,,,,0,39.5,10.97222222
Low,80,80,39,-0.14,-0.5,,,,,,,,,,,0,39,10.83333333
Low,81,81,38.5,-0.24,-0.85,,,,,,,,,,,0,38.5,10.69444444
Low,82,82,37.3,-0.21,-0.75,,,,,,,,,,,0,37.3,10.36111111
Low,83,83,37,-0.08,-0.3,,,,,,,,,,,0,37,10.27777778
Low,84,84,36.7,-0.15,-0.55,,,,,,,,,,,0,36.7,10.19444444
Low,85,85,35.9,-0.19,-0.7,,,,,,,,,,,0,35.9,9.972222222
Low,86,86,35.3,-0.18,-0.65,,,,,,,,,,,0,35.3,9.805555556
Low,87,87,34.6,-0.15,-0.55,,,,,,,,,,,0,34.6,9.611111111
Low,88,88,34.2,-0.38,-1.35,,,,,,,,,,,0,34.2,9.5
Low,89,89,31.9,-0.96,-3.45,,,,,,,,,,,0,31.9,8.861111111
Low,90,90,27.3,-1.38,-4.95,,,,,,,,,,,0,27.3,7.583333333
Low,91,91,22,-1.43,-5.15,,,,,,,,,,,0,22,6.111111111
Low,92,92,17,-1.08,-3.9,,,,,,,,,,,0,17,4.722222222
Low,93,93,14.2,-0.69,-2.5,,,,,,,,,,,0,14.2,3.944444444
Low,94,94,12,-0.71,-2.55,,,,,,,,,,,0,12,3.333333333
Low,95,95,9.1,-0.86,-3.1,,,,,,,,,,,0,9.1,2.527777778
Low,96,96,5.8,-0.76,-2.75,,,,,,,,,,,0,5.8,1.611111111
Low,97,97,3.6,-0.5,-1.8,,,,,,,,,,,0,3.6,1
Low,98,98,2.2,-0.5,-1.8,,,,,,,,,,,0,2.2,0.611111111
Low,99,99,0,-0.31,-1.1,,,,,,,,,,,1,,0
Low,100,100,0,0,0,,,,,,,,,,,1,,0
Low,101,101,0,0,0,,,,,,,,,,,1,,0
Low,102,102,0,0,0,,,,,,,,,,,1,,0
Low,103,103,0,0,0,,,,,,,,,,,1,,0
Low,104,104,0,0,0,,,,,,,,,,,1,,0
Low,105,105,0,0,0,,,,,,,,,,,1,,0
Low,106,106,0,0,0,,,,,,,,,,,1,,0
Low,107,107,0,0,0,,,,,,,,,,,1,,0
Low,108,108,0,0,0,,,,,,,,,,,1,,0
Low,109,109,0,0,0,,,,,,,,,,,1,,0
Low,110,110,0,0,0,,,,,,,,,,,1,,0
Low,111,111,0,0,0,,,,,,,,,,,1,,0
Low,112,112,0,0,0,,,,,,,,,,,1,,0
Low,113,113,0,0,0,,,,,,,,,,,1,,0
Low,114,114,0,0,0,,,,,,,,,,,1,,0
Low,115,115,0,0,0,,,,,,,,,,,1,,0
Low,116,116,0,0,0,,,,,,,,,,,1,,0
Low,117,117,0,0,0,,,,,,,,,,,1,,0
Low,118,118,0,0,0,,,,,,,,,,,1,,0
Low,119,119,0,0,0,,,,,,,,,,,1,,0
Low,120,120,0,0,0,,,,,,,,,,,1,,0
Low,121,121,0,0,0,,,,,,,,,,,1,,0
Low,122,122,0,0,0,,,,,,,,,,,1,,0
Low,123,123,0,0,0,,,,,,,,,,,1,,0
Low,124,124,0,0,0,,,,,,,,,,,1,,0
Low,125,125,0,0,0,,,,,,,,,,,1,,0
Low,126,126,0,0,0,,,,,,,,,,,1,,0
Low,127,127,0,0,0,,,,,,,,,,,1,,0
Low,128,128,0,0,0,,,,,,,,,,,1,,0
Low,129,129,0,0,0,,,,,,,,,,,1,,0
Low,130,130,0,0,0,,,,,,,,,,,1,,0
Low,131,131,0,0,0,,,,,,,,,,,1,,0
Low,132,132,0,0,0,,,,,,,,,,,1,,0
Low,133,133,0,0,0,,,,,,,,,,,1,,0
Low,134,134,0,0,0,,,,,,,,,,,1,,0
Low,135,135,0,0,0,,,,,,,,,,,1,,0
Low,136,136,0,0,0,,,,,,,,,,,1,,0
Low,137,137,0,0.03,0.1,,,,,,,,,,,1,,0
Low,138,138,0.2,0.26,0.95,,,,,,,,,,,1,,0.055555556
Low,139,139,1.9,0.82,2.95,,,,,,,,,,,0,1.9,0.527777778
Low,140,140,6.1,1.36,4.9,,,,,,,,,,,0,6.1,1.694444444
Low,141,141,11.7,1.43,5.15,,,,,,,,,,,0,11.7,3.25
Low,142,142,16.4,1,3.6,,,,,,,,,,,0,16.4,4.555555556
Low,143,143,18.9,0.49,1.75,,,,,,,,,,,0,18.9,5.25
Low,144,144,19.9,0.26,0.95,,,,,,,,,,,0,19.9,5.527777778
Low,145,145,20.8,0.4,1.45,,,,,,,,,,,0,20.8,5.777777778
Low,146,146,22.8,0.64,2.3,,,,,,,,,,,0,22.8,6.333333333
Low,147,147,25.4,0.68,2.45,,,,,,,,,,,0,25.4,7.055555556
Low,148,148,27.7,0.53,1.9,,,,,,,,,,,0,27.7,7.694444444
Low,149,149,29.2,0.29,1.05,,,,,,,,,,,0,29.2,8.111111111
Low,150,150,29.8,0.03,0.1,,,,,,,,,,,0,29.8,8.277777778
Low,151,151,29.4,-0.36,-1.3,,,,,,,,,,,0,29.4,8.166666667
Low,152,152,27.2,-0.94,-3.4,,,,,,,,,,,0,27.2,7.555555556
Low,153,153,22.6,-1.38,-4.95,,,,,,,,,,,0,22.6,6.277777778
Low,154,154,17.3,-1.29,-4.65,,,,,,,,,,,0,17.3,4.805555556
Low,155,155,13.3,-0.74,-2.65,,,,,,,,,,,0,13.3,3.694444444
Low,156,156,12,-0.1,-0.35,,,,,,,,,,,0,12,3.333333333
Low,157,157,12.6,0.29,1.05,,,,,,,,,,,0,12.6,3.5
Low,158,158,14.1,0.64,2.3,,,,,,,,,,,0,14.1,3.916666667
Low,159,159,17.2,0.83,3,,,,,,,,,,,0,17.2,4.777777778
Low,160,160,20.1,0.86,3.1,,,,,,,,,,,0,20.1,5.583333333
Low,161,161,23.4,0.75,2.7,,,,,,,,,,,0,23.4,6.5
Low,162,162,25.5,0.58,2.1,,,,,,,,,,,0,25.5,7.083333333
Low,163,163,27.6,0.56,2,,,,,,,,,,,0,27.6,7.666666667
Low,164,164,29.5,0.49,1.75,,,,,,,,,,,0,29.5,8.194444444
Low,165,165,31.1,0.36,1.3,,,,,,,,,,,0,31.1,8.638888889
Low,166,166,32.1,0.29,1.05,,,,,,,,,,,0,32.1,8.916666667
Low,167,167,33.2,0.43,1.55,,,,,,,,,,,0,33.2,9.222222222
Low,168,168,35.2,0.56,2,,,,,,,,,,,0,35.2,9.777777778
Low,169,169,37.2,0.39,1.4,,,,,,,,,,,0,37.2,10.33333333
Low,170,170,38,0.03,0.1,,,,,,,,,,,0,38,10.55555556
Low,171,171,37.4,-0.4,-1.45,,,,,,,,,,,0,37.4,10.38888889
Low,172,172,35.1,-0.89,-3.2,,,,,,,,,,,0,35.1,9.75
Low,173,173,31,-1.11,-4,,,,,,,,,,,0,31,8.611111111
Low,174,174,27.1,-0.79,-2.85,,,,,,,,,,,0,27.1,7.527777778
Low,175,175,25.3,-0.28,-1,,,,,,,,,,,0,25.3,7.027777778
Low,176,176,25.1,0.08,0.3,,,,,,,,,,,0,25.1,6.972222222
Low,177,177,25.9,0.38,1.35,,,,,,,,,,,0,25.9,7.194444444
Low,178,178,27.8,0.46,1.65,,,,,,,,,,,0,27.8,7.722222222
Low,179,179,29.2,0.25,0.9,,,,,,,,,,,0,29.2,8.111111111
Low,180,180,29.6,0.04,0.15,,,,,,,,,,,0,29.6,8.222222222
Low,181,181,29.5,-0.06,-0.2,,,,,,,,,,,0,29.5,8.194444444
Low,182,182,29.2,-0.17,-0.6,,,,,,,,,,,0,29.2,8.111111111
Low,183,183,28.3,-0.43,-1.55,,,,,,,,,,,0,28.3,7.861111111
Low,184,184,26.1,-0.65,-2.35,,,,,,,,,,,0,26.1,7.25
Low,185,185,23.6,-0.71,-2.55,,,,,,,,,,,0,23.6,6.555555556
Low,186,186,21,-0.65,-2.35,,,,,,,,,,,0,21,5.833333333
Low,187,187,18.9,-0.54,-1.95,,,,,,,,,,,0,18.9,5.25
Low,188,188,17.1,-0.44,-1.6,,,,,,,,,,,0,17.1,4.75
Low,189,189,15.7,-0.36,-1.3,,,,,,,,,,,0,15.7,4.361111111
Low,190,190,14.5,-0.28,-1,,,,,,,,,,,0,14.5,4.027777778
Low,191,191,13.7,-0.22,-0.8,,,,,,,,,,,0,13.7,3.805555556
Low,192,192,12.9,-0.17,-0.6,,,,,,,,,,,0,12.9,3.583333333
Low,193,193,12.5,-0.1,-0.35,,,,,,,,,,,0,12.5,3.472222222
Low,194,194,12.2,-0.07,-0.25,,,,,,,,,,,0,12.2,3.388888889
Low,195,195,12,-0.03,-0.1,,,,,,,,,,,0,12,3.333333333
Low,196,196,12,0,0,,,,,,,,,,,0,12,3.333333333
Low,197,197,12,0,0,,,,,,,,,,,0,12,3.333333333
Low,198,198,12,0.07,0.25,,,,,,,,,,,0,12,3.333333333
Low,199,199,12.5,0.14,0.5,,,,,,,,,,,0,12.5,3.472222222
Low,200,200,13,0.21,0.75,,,,,,,,,,,0,13,3.611111111
Low,201,201,14,0.28,1,,,,,,,,,,,0,14,3.888888889
Low,202,202,15,0.35,1.25,,,,,,,,,,,0,15,4.166666667
Low,203,203,16.5,0.56,2,,,,,,,,,,,0,16.5,4.583333333
Low,204,204,19,0.65,2.35,,,,,,,,,,,0,19,5.277777778
Low,205,205,21.2,0.67,2.4,,,,,,,,,,,0,21.2,5.888888889
Low,206,206,23.8,0.79,2.85,,,,,,,,,,,0,23.8,6.611111111
Low,207,207,26.9,0.81,2.9,,,,,,,,,,,0,26.9,7.472222222
Low,208,208,29.6,0.71,2.55,,,,,,,,,,,0,29.6,8.222222222
Low,209,209,32,0.78,2.8,,,,,,,,,,,0,32,8.888888889
Low,210,210,35.2,0.76,2.75,,,,,,,,,,,0,35.2,9.777777778
Low,211,211,37.5,0.56,2,,,,,,,,,,,0,37.5,10.41666667
Low,212,212,39.2,0.42,1.5,,,,,,,,,,,0,39.2,10.88888889
Low,213,213,40.5,0.33,1.2,,,,,,,,,,,0,40.5,11.25
Low,214,214,41.6,0.36,1.3,,,,,,,,,,,0,41.6,11.55555556
Low,215,215,43.1,0.47,1.7,,,,,,,,,,,0,43.1,11.97222222
Low,216,216,45,0.56,2,,,,,,,,,,,0,45,12.5
Low,217,217,47.1,0.56,2,,,,,,,,,,,0,47.1,13.08333333
Low,218,218,49,0.49,1.75,,,,,,,,,,,0,49,13.61111111
Low,219,219,50.6,0.39,1.4,,,,,,,,,,,0,50.6,14.05555556
Low,220,220,51.8,0.29,1.05,,,,,,,,,,,0,51.8,14.38888889
Low,221,221,52.7,0.18,0.65,,,,,,,,,,,0,52.7,14.63888889
Low,222,222,53.1,0.11,0.4,,,,,,,,,,,0,53.1,14.75
Low,223,223,53.5,0.1,0.35,,,,,,,,,,,0,53.5,14.86111111
Low,224,224,53.8,0.1,0.35,,,,,,,,,,,0,53.8,14.94444444
Low,225,225,54.2,0.14,0.5,,,,,,,,,,,0,54.2,15.05555556
Low,226,226,54.8,0.15,0.55,,,,,,,,,,,0,54.8,15.22222222
Low,227,227,55.3,0.14,0.5,,,,,,,,,,,0,55.3,15.36111111
Low,228,228,55.8,0.13,0.45,,,,,,,,,,,0,55.8,15.5
Low,229,229,56.2,0.1,0.35,,,,,,,,,,,0,56.2,15.61111111
Low,230,230,56.5,0.04,0.15,,,,,,,,,,,0,56.5,15.69444444
Low,231,231,56.5,-0.04,-0.15,,,,,,,,,,,0,56.5,15.69444444
Low,232,232,56.2,-0.22,-0.8,,,,,,,,,,,0,56.2,15.61111111
Low,233,233,54.9,-0.46,-1.65,,,,,,,,,,,0,54.9,15.25
Low,234,234,52.9,-0.54,-1.95,,,,,,,,,,,0,52.9,14.69444444
Low,235,235,51,-0.43,-1.55,,,,,,,,,,,0,51,14.16666667
Low,236,236,49.8,-0.25,-0.9,,,,,,,,,,,0,49.8,13.83333333
Low,237,237,49.2,-0.19,-0.7,,,,,,,,,,,0,49.2,13.66666667
Low,238,238,48.4,-0.32,-1.15,,,,,,,,,,,0,48.4,13.44444444
Low,239,239,46.9,-0.57,-2.05,,,,,,,,,,,0,46.9,13.02777778
Low,240,240,44.3,-0.75,-2.7,,,,,,,,,,,0,44.3,12.30555556
Low,241,241,41.5,-0.67,-2.4,,,,,,,,,,,0,41.5,11.52777778
Low,242,242,39.5,-0.63,-2.25,,,,,,,,,,,0,39.5,10.97222222
Low,243,243,37,-0.68,-2.45,,,,,,,,,,,0,37,10.27777778
Low,244,244,34.6,-0.65,-2.35,,,,,,,,,,,0,34.6,9.611111111
Low,245,245,32.3,-0.78,-2.8,,,,,,,,,,,0,32.3,8.972222222
Low,246,246,29,-1,-3.6,,,,,,,,,,,0,29,8.055555556
Low,247,247,25.1,-0.94,-3.4,,,,,,,,,,,0,25.1,6.972222222
Low,248,248,22.2,-0.58,-2.1,,,,,,,,,,,0,22.2,6.166666667
Low,249,249,20.9,-0.25,-0.9,,,,,,,,,,,0,20.9,5.805555556
Low,250,250,20.4,-0.19,-0.7,,,,,,,,,,,0,20.4,5.666666667
Low,251,251,19.5,-0.28,-1,,,,,,,,,,,0,19.5,5.416666667
Low,252,252,18.4,-0.24,-0.85,,,,,,,,,,,0,18.4,5.111111111
Low,253,253,17.8,-0.08,-0.3,,,,,,,,,,,0,17.8,4.944444444
Low,254,254,17.8,-0.06,-0.2,,,,,,,,,,,0,17.8,4.944444444
Low,255,255,17.4,-0.29,-1.05,,,,,,,,,,,0,17.4,4.833333333
Low,256,256,15.7,-0.4,-1.45,,,,,,,,,,,0,15.7,4.361111111
Low,257,257,14.5,-0.04,-0.15,,,,,,,,,,,0,14.5,4.027777778
Low,258,258,15.4,0.47,1.7,,,,,,,,,,,0,15.4,4.277777778
Low,259,259,17.9,0.72,2.6,,,,,,,,,,,0,17.9,4.972222222
Low,260,260,20.6,0.74,2.65,,,,,,,,,,,0,20.6,5.722222222
Low,261,261,23.2,0.71,2.55,,,,,,,,,,,0,23.2,6.444444444
Low,262,262,25.7,0.76,2.75,,,,,,,,,,,0,25.7,7.138888889
Low,263,263,28.7,0.94,3.4,,,,,,,,,,,0,28.7,7.972222222
Low,264,264,32.5,1.03,3.7,,,,,,,,,,,0,32.5,9.027777778
Low,265,265,36.1,0.9,3.25,,,,,,,,,,,0,36.1,10.02777778
Low,266,266,39,0.65,2.35,,,,,,,,,,,0,39,10.83333333
Low,267,267,40.8,0.54,1.95,,,,,,,,,,,0,40.8,11.33333333
Low,268,268,42.9,0.5,1.8,,,,,,,,,,,0,42.9,11.91666667
Low,269,269,44.4,0.42,1.5,,,,,,,,,,,0,44.4,12.33333333
Low,270,270,45.9,0.22,0.8,,,,,,,,,,,0,45.9,12.75
Low,271,271,46,-0.04,-0.15,,,,,,,,,,,0,46,12.77777778
Low,272,272,45.6,-0.1,-0.35,,,,,,,,,,,0,45.6,12.66666667
Low,273,273,45.3,-0.26,-0.95,,,,,,,,,,,0,45.3,12.58333333
Low,274,274,43.7,-0.63,-2.25,,,,,,,,,,,0,43.7,12.13888889
Low,275,275,40.8,-0.79,-2.85,,,,,,,,,,,0,40.8,11.33333333
Low,276,276,38,-0.89,-3.2,,,,,,,,,,,0,38,10.55555556
Low,277,277,34.4,-0.99,-3.55,,,,,,,,,,,0,34.4,9.555555556
Low,278,278,30.9,-1.24,-4.45,,,,,,,,,,,0,30.9,8.583333333
Low,279,279,25.5,-1.32,-4.75,,,,,,,,,,,0,25.5,7.083333333
Low,280,280,21.4,-0.74,-2.65,,,,,,,,,,,0,21.4,5.944444444
Low,281,281,20.2,0.21,0.75,,,,,,,,,,,0,20.2,5.611111111
Low,282,282,22.9,0.89,3.2,,,,,,,,,,,0,22.9,6.361111111
Low,283,283,26.6,1.01,3.65,,,,,,,,,,,0,26.6,7.388888889
Low,284,284,30.2,1.04,3.75,,,,,,,,,,,0,30.2,8.388888889
Low,285,285,34.1,1,3.6,,,,,,,,,,,0,34.1,9.472222222
Low,286,286,37.4,0.92,3.3,,,,,,,,,,,0,37.4,10.38888889
Low,287,287,40.7,0.92,3.3,,,,,,,,,,,0,40.7,11.30555556
Low,288,288,44,0.92,3.3,,,,,,,,,,,0,44,12.22222222
Low,289,289,47.3,0.72,2.6,,,,,,,,,,,0,47.3,13.13888889
Low,290,290,49.2,0.35,1.25,,,,,,,,,,,0,49.2,13.66666667
Low,291,291,49.8,0,0,,,,,,,,,,,0,49.8,13.83333333
Low,292,292,49.2,-0.24,-0.85,,,,,,,,,,,0,49.2,13.66666667
Low,293,293,48.1,-0.26,-0.95,,,,,,,,,,,0,48.1,13.36111111
Low,294,294,47.3,-0.18,-0.65,,,,,,,,,,,0,47.3,13.13888889
Low,295,295,46.8,-0.08,-0.3,,,,,,,,,,,0,46.8,13
Low,296,296,46.7,0,0,,,,,,,,,,,0,46.7,12.97222222
Low,297,297,46.8,0.06,0.2,,,,,,,,,,,0,46.8,13
Low,298,298,47.1,0.07,0.25,,,,,,,,,,,0,47.1,13.08333333
Low,299,299,47.3,0.03,0.1,,,,,,,,,,,0,47.3,13.13888889
Low,300,300,47.3,-0.03,-0.1,,,,,,,,,,,0,47.3,13.13888889
Low,301,301,47.1,-0.1,-0.35,,,,,,,,,,,0,47.1,13.08333333
Low,302,302,46.6,-0.18,-0.65,,,,,,,,,,,0,46.6,12.94444444
Low,303,303,45.8,-0.25,-0.9,,,,,,,,,,,0,45.8,12.72222222
Low,304,304,44.8,-0.35,-1.25,,,,,,,,,,,0,44.8,12.44444444
Low,305,305,43.3,-0.42,-1.5,,,,,,,,,,,0,43.3,12.02777778
Low,306,306,41.8,-0.35,-1.25,,,,,,,,,,,0,41.8,11.61111111
Low,307,307,40.8,-0.21,-0.75,,,,,,,,,,,0,40.8,11.33333333
Low,308,308,40.3,-0.1,-0.35,,,,,,,,,,,0,40.3,11.19444444
Low,309,309,40.1,-0.08,-0.3,,,,,,,,,,,0,40.1,11.13888889
Low,310,310,39.7,-0.13,-0.45,,,,,,,,,,,0,39.7,11.02777778
Low,311,311,39.2,-0.17,-0.6,,,,,,,,,,,0,39.2,10.88888889
Low,312,312,38.5,-0.25,-0.9,,,,,,,,,,,0,38.5,10.69444444
Low,313,313,37.4,-0.35,-1.25,,,,,,,,,,,0,37.4,10.38888889
Low,314,314,36,-0.42,-1.5,,,,,,,,,,,0,36,10
Low,315,315,34.4,-0.42,-1.5,,,,,,,,,,,0,34.4,9.555555556
Low,316,316,33,-0.38,-1.35,,,,,,,,,,,0,33,9.166666667
Low,317,317,31.7,-0.42,-1.5,,,,,,,,,,,0,31.7,8.805555556
Low,318,318,30,-0.51,-1.85,,,,,,,,,,,0,30,8.333333333
Low,319,319,28,-0.54,-1.95,,,,,,,,,,,0,28,7.777777778
Low,320,320,26.1,-0.33,-1.2,,,,,,,,,,,0,26.1,7.25
Low,321,321,25.6,-0.17,-0.6,,,,,,,,,,,0,25.6,7.111111111
Low,322,322,24.9,-0.1,-0.35,,,,,,,,,,,0,24.9,6.916666667
Low,323,323,24.9,-0.08,-0.3,,,,,,,,,,,0,24.9,6.916666667
Low,324,324,24.3,-0.14,-0.5,,,,,,,,,,,0,24.3,6.75
Low,325,325,23.9,-0.06,-0.2,,,,,,,,,,,0,23.9,6.638888889
Low,326,326,23.9,-0.04,-0.15,,,,,,,,,,,0,23.9,6.638888889
Low,327,327,23.6,-0.08,-0.3,,,,,,,,,,,0,23.6,6.555555556
Low,328,328,23.3,-0.43,-1.55,,,,,,,,,,,0,23.3,6.472222222
Low,329,329,20.5,-0.81,-2.9,,,,,,,,,,,0,20.5,5.694444444
Low,330,330,17.5,-0.5,-1.8,,,,,,,,,,,0,17.5,4.861111111
Low,331,331,16.9,-0.11,-0.4,,,,,,,,,,,0,16.9,4.694444444
Low,332,332,16.7,-0.14,-0.5,,,,,,,,,,,0,16.7,4.638888889
Low,333,333,15.9,-0.15,-0.55,,,,,,,,,,,0,15.9,4.416666667
Low,334,334,15.6,-0.13,-0.45,,,,,,,,,,,0,15.6,4.333333333
Low,335,335,15,-0.15,-0.55,,,,,,,,,,,0,15,4.166666667
Low,336,336,14.5,-0.1,-0.35,,,,,,,,,,,0,14.5,4.027777778
Low,337,337,14.3,0,0,,,,,,,,,,,0,14.3,3.972222222
Low,338,338,14.5,0.15,0.55,,,,,,,,,,,0,14.5,4.027777778
Low,339,339,15.4,0.46,1.65,,,,,,,,,,,0,15.4,4.277777778
Low,340,340,17.8,0.79,2.85,,,,,,,,,,,0,17.8,4.944444444
Low,341,341,21.1,0.88,3.15,,,,,,,,,,,0,21.1,5.861111111
Low,342,342,24.1,0.54,1.95,,,,,,,,,,,0,24.1,6.694444444
Low,343,343,25,0.17,0.6,,,,,,,,,,,0,25,6.944444444
Low,344,344,25.3,0.07,0.25,,,,,,,,,,,0,25.3,7.027777778
Low,345,345,25.5,0.15,0.55,,,,,,,,,,,0,25.5,7.083333333
Low,346,346,26.4,0.15,0.55,,,,,,,,,,,0,26.4,7.333333333
Low,347,347,26.6,0.1,0.35,,,,,,,,,,,0,26.6,7.388888889
Low,348,348,27.1,0.15,0.55,,,,,,,,,,,0,27.1,7.527777778
Low,349,349,27.7,0.14,0.5,,,,,,,,,,,0,27.7,7.694444444
Low,350,350,28.1,0.07,0.25,,,,,,,,,,,0,28.1,7.805555556
Low,351,351,28.2,0,0,,,,,,,,,,,0,28.2,7.833333333
Low,352,352,28.1,-0.03,-0.1,,,,,,,,,,,0,28.1,7.805555556
Low,353,353,28,-0.03,-0.1,,,,,,,,,,,0,28,7.777777778
Low,354,354,27.9,-0.01,-0.05,,,,,,,,,,,0,27.9,7.75
Low,355,355,27.9,0.03,0.1,,,,,,,,,,,0,27.9,7.75
Low,356,356,28.1,0.04,0.15,,,,,,,,,,,0,28.1,7.805555556
Low,357,357,28.2,-0.01,-0.05,,,,,,,,,,,0,28.2,7.833333333
Low,358,358,28,-0.18,-0.65,,,,,,,,,,,0,28,7.777777778
Low,359,359,26.9,-0.42,-1.5,,,,,,,,,,,0,26.9,7.472222222
Low,360,360,25,-0.51,-1.85,,,,,,,,,,,0,25,6.944444444
Low,361,361,23.2,-0.43,-1.55,,,,,,,,,,,0,23.2,6.444444444
Low,362,362,21.9,-0.29,-1.05,,,,,,,,,,,0,21.9,6.083333333
Low,363,363,21.1,-0.17,-0.6,,,,,,,,,,,0,21.1,5.861111111
Low,364,364,20.7,-0.06,-0.2,,,,,,,,,,,0,20.7,5.75
Low,365,365,20.7,0.01,0.05,,,,,,,,,,,0,20.7,5.75
Low,366,366,20.8,0.07,0.25,,,,,,,,,,,0,20.8,5.777777778
Low,367,367,21.2,0.18,0.65,,,,,,,,,,,0,21.2,5.888888889
Low,368,368,22.1,0.32,1.15,,,,,,,,,,,0,22.1,6.138888889
Low,369,369,23.5,0.31,1.1,,,,,,,,,,,0,23.5,6.527777778
Low,370,370,24.3,0.14,0.5,,,,,,,,,,,0,24.3,6.75
Low,371,371,24.5,-0.07,-0.25,,,,,,,,,,,0,24.5,6.805555556
Low,372,372,23.8,-0.44,-1.6,,,,,,,,,,,0,23.8,6.611111111
Low,373,373,21.3,-0.85,-3.05,,,,,,,,,,,0,21.3,5.916666667
Low,374,374,17.7,-0.96,-3.45,,,,,,,,,,,0,17.7,4.916666667
Low,375,375,14.4,-0.81,-2.9,,,,,,,,,,,0,14.4,4
Low,376,376,11.9,-0.58,-2.1,,,,,,,,,,,0,11.9,3.305555556
Low,377,377,10.2,-0.42,-1.5,,,,,,,,,,,0,10.2,2.833333333
Low,378,378,8.9,-0.31,-1.1,,,,,,,,,,,0,8.9,2.472222222
Low,379,379,8,-0.24,-0.85,,,,,,,,,,,0,8,2.222222222
Low,380,380,7.2,-0.26,-0.95,,,,,,,,,,,0,7.2,2
Low,381,381,6.1,-0.32,-1.15,,,,,,,,,,,0,6.1,1.694444444
Low,382,382,4.9,-0.33,-1.2,,,,,,,,,,,0,4.9,1.361111111
Low,383,383,3.7,-0.36,-1.3,,,,,,,,,,,0,3.7,1.027777778
Low,384,384,2.3,-0.39,-1.4,,,,,,,,,,,0,2.3,0.638888889
Low,385,385,0.9,-0.32,-1.15,,,,,,,,,,,1,,0.25
Low,386,386,0,-0.13,-0.45,,,,,,,,,,,1,,0
Low,387,387,0,0,0,,,,,,,,,,,1,,0
Low,388,388,0,0,0,,,,,,,,,,,1,,0
Low,389,389,0,0,0,,,,,,,,,,,1,,0
Low,390,390,0,0,0,,,,,,,,,,,1,,0
Low,391,391,0,0.07,0.25,,,,,,,,,,,1,,0
Low,392,392,0.5,0.29,1.05,,,,,,,,,,,1,,0.138888889
Low,393,393,2.1,0.6,2.15,,,,,,,,,,,0,2.1,0.583333333
Low,394,394,4.8,0.86,3.1,,,,,,,,,,,0,4.8,1.333333333
Low,395,395,8.3,1.04,3.75,,,,,,,,,,,0,8.3,2.305555556
Low,396,396,12.3,1.15,4.15,,,,,,,,,,,0,12.3,3.416666667
Low,397,397,16.6,1.19,4.3,,,,,,,,,,,0,16.6,4.611111111
Low,398,398,20.9,1.06,3.8,,,,,,,,,,,0,20.9,5.805555556
Low,399,399,24.2,0.65,2.35,,,,,,,,,,,0,24.2,6.722222222
Low,400,400,25.6,0.19,0.7,,,,,,,,,,,0,25.6,7.111111111
Low,401,401,25.6,-0.1,-0.35,,,,,,,,,,,0,25.6,7.111111111
Low,402,402,24.9,-0.32,-1.15,,,,,,,,,,,0,24.9,6.916666667
Low,403,403,23.3,-0.46,-1.65,,,,,,,,,,,0,23.3,6.472222222
Low,404,404,21.6,-0.43,-1.55,,,,,,,,,,,0,21.6,6
Low,405,405,20.2,-0.4,-1.45,,,,,,,,,,,0,20.2,5.611111111
Low,406,406,18.7,-0.44,-1.6,,,,,,,,,,,0,18.7,5.194444444
Low,407,407,17,-0.47,-1.7,,,,,,,,,,,0,17,4.722222222
Low,408,408,15.3,-0.39,-1.4,,,,,,,,,,,0,15.3,4.25
Low,409,409,14.2,-0.19,-0.7,,,,,,,,,,,0,14.2,3.944444444
Low,410,410,13.9,-0.03,-0.1,,,,,,,,,,,0,13.9,3.861111111
Low,411,411,14,0.04,0.15,,,,,,,,,,,0,14,3.888888889
Low,412,412,14.2,0.07,0.25,,,,,,,,,,,0,14.2,3.944444444
Low,413,413,14.5,0.1,0.35,,,,,,,,,,,0,14.5,4.027777778
Low,414,414,14.9,0.19,0.7,,,,,,,,,,,0,14.9,4.138888889
Low,415,415,15.9,0.35,1.25,,,,,,,,,,,0,15.9,4.416666667
Low,416,416,17.4,0.39,1.4,,,,,,,,,,,0,17.4,4.833333333
Low,417,417,18.7,0.24,0.85,,,,,,,,,,,0,18.7,5.194444444
Low,418,418,19.1,0.01,0.05,,,,,,,,,,,0,19.1,5.305555556
Low,419,419,18.8,-0.21,-0.75,,,,,,,,,,,0,18.8,5.222222222
Low,420,420,17.6,-0.31,-1.1,,,,,,,,,,,0,17.6,4.888888889
Low,421,421,16.6,-0.19,-0.7,,,,,,,,,,,0,16.6,4.611111111
Low,422,422,16.2,-0.03,-0.1,,,,,,,,,,,0,16.2,4.5
Low,423,423,16.4,0.14,0.5,,,,,,,,,,,0,16.4,4.555555556
Low,424,424,17.2,0.38,1.35,,,,,,,,,,,0,17.2,4.777777778
Low,425,425,19.1,0.75,2.7,,,,,,,,,,,0,19.1,5.305555556
Low,426,426,22.6,1.15,4.15,,,,,,,,,,,0,22.6,6.277777778
Low,427,427,27.4,1.25,4.5,,,,,,,,,,,0,27.4,7.611111111
Low,428,428,31.6,0.83,3,,,,,,,,,,,0,31.6,8.777777778
Low,429,429,33.4,0.26,0.95,,,,,,,,,,,0,33.4,9.277777778
Low,430,430,33.5,-0.08,-0.3,,,,,,,,,,,0,33.5,9.305555556
Low,431,431,32.8,-0.22,-0.8,,,,,,,,,,,0,32.8,9.111111111
Low,432,432,31.9,-0.21,-0.75,,,,,,,,,,,0,31.9,8.861111111
Low,433,433,31.3,-0.11,-0.4,,,,,,,,,,,0,31.3,8.694444444
Low,434,434,31.1,-0.1,-0.35,,,,,,,,,,,0,31.1,8.638888889
Low,435,435,30.6,-0.26,-0.95,,,,,,,,,,,0,30.6,8.5
Low,436,436,29.2,-0.54,-1.95,,,,,,,,,,,0,29.2,8.111111111
Low,437,437,26.7,-0.86,-3.1,,,,,,,,,,,0,26.7,7.416666667
Low,438,438,23,-1.18,-4.25,,,,,,,,,,,0,23,6.388888889
Low,439,439,18.2,-1.4,-5.05,,,,,,,,,,,0,18.2,5.055555556
Low,440,440,12.9,-1.46,-5.25,,,,,,,,,,,0,12.9,3.583333333
Low,441,441,7.7,-1.26,-4.55,,,,,,,,,,,0,7.7,2.138888889
Low,442,442,3.8,-0.89,-3.2,,,,,,,,,,,0,3.8,1.055555556
Low,443,443,1.3,-0.5,-1.8,,,,,,,,,,,0,1.3,0.361111111
Low,444,444,0.2,-0.18,-0.65,,,,,,,,,,,1,,0.055555556
Low,445,445,0,-0.03,-0.1,,,,,,,,,,,1,,0
Low,446,446,0,0,0,,,,,,,,,,,1,,0
Low,447,447,0,0,0,,,,,,,,,,,1,,0
Low,448,448,0,0,0,,,,,,,,,,,1,,0
Low,449,449,0,0,0,,,,,,,,,,,1,,0
Low,450,450,0,0,0,,,,,,,,,,,1,,0
Low,451,451,0,0,0,,,,,,,,,,,1,,0
Low,452,452,0,0,0,,,,,,,,,,,1,,0
Low,453,453,0,0,0,,,,,,,,,,,1,,0
Low,454,454,0,0,0,,,,,,,,,,,1,,0
Low,455,455,0,0,0,,,,,,,,,,,1,,0
Low,456,456,0,0,0,,,,,,,,,,,1,,0
Low,457,457,0,0,0,,,,,,,,,,,1,,0
Low,458,458,0,0,0,,,,,,,,,,,1,,0
Low,459,459,0,0,0,,,,,,,,,,,1,,0
Low,460,460,0,0,0,,,,,,,,,,,1,,0
Low,461,461,0,0,0,,,,,,,,,,,1,,0
Low,462,462,0,0,0,,,,,,,,,,,1,,0
Low,463,463,0,0,0,,,,,,,,,,,1,,0
Low,464,464,0,0,0,,,,,,,,,,,1,,0
Low,465,465,0,0,0,,,,,,,,,,,1,,0
Low,466,466,0,0,0,,,,,,,,,,,1,,0
Low,467,467,0,0,0,,,,,,,,,,,1,,0
Low,468,468,0,0,0,,,,,,,,,,,1,,0
Low,469,469,0,0,0,,,,,,,,,,,1,,0
Low,470,470,0,0,0,,,,,,,,,,,1,,0
Low,471,471,0,0,0,,,,,,,,,,,1,,0
Low,472,472,0,0,0,,,,,,,,,,,1,,0
Low,473,473,0,0,0,,,,,,,,,,,1,,0
Low,474,474,0,0,0,,,,,,,,,,,1,,0
Low,475,475,0,0,0,,,,,,,,,,,1,,0
Low,476,476,0,0,0,,,,,,,,,,,1,,0
Low,477,477,0,0,0,,,,,,,,,,,1,,0
Low,478,478,0,0,0,,,,,,,,,,,1,,0
Low,479,479,0,0,0,,,,,,,,,,,1,,0
Low,480,480,0,0,0,,,,,,,,,,,1,,0
Low,481,481,0,0,0,,,,,,,,,,,1,,0
Low,482,482,0,0,0,,,,,,,,,,,1,,0
Low,483,483,0,0,0,,,,,,,,,,,1,,0
Low,484,484,0,0,0,,,,,,,,,,,1,,0
Low,485,485,0,0,0,,,,,,,,,,,1,,0
Low,486,486,0,0,0,,,,,,,,,,,1,,0
Low,487,487,0,0,0,,,,,,,,,,,1,,0
Low,488,488,0,0,0,,,,,,,,,,,1,,0
Low,489,489,0,0,0,,,,,,,,,,,1,,0
Low,490,490,0,0,0,,,,,,,,,,,1,,0
Low,491,491,0,0,0,,,,,,,,,,,1,,0
Low,492,492,0,0,0,,,,,,,,,,,1,,0
Low,493,493,0,0,0,,,,,,,,,,,1,,0
Low,494,494,0,0,0,,,,,,,,,,,1,,0
Low,495,495,0,0,0,,,,,,,,,,,1,,0
Low,496,496,0,0,0,,,,,,,,,,,1,,0
Low,497,497,0,0,0,,,,,,,,,,,1,,0
Low,498,498,0,0,0,,,,,,,,,,,1,,0
Low,499,499,0,0,0,,,,,,,,,,,1,,0
Low,500,500,0,0,0,,,,,,,,,,,1,,0
Low,501,501,0,0,0,,,,,,,,,,,1,,0
Low,502,502,0,0,0,,,,,,,,,,,1,,0
Low,503,503,0,0,0,,,,,,,,,,,1,,0
Low,504,504,0,0,0,,,,,,,,,,,1,,0
Low,505,505,0,0,0,,,,,,,,,,,1,,0
Low,506,506,0,0,0,,,,,,,,,,,1,,0
Low,507,507,0,0,0,,,,,,,,,,,1,,0
Low,508,508,0,0,0,,,,,,,,,,,1,,0
Low,509,509,0,0,0,,,,,,,,,,,1,,0
Low,510,510,0,0,0,,,,,,,,,,,1,,0
Low,511,511,0,0.07,0.25,,,,,,,,,,,1,,0
Low,512,512,0.5,0.35,1.25,,,,,,,,,,,1,,0.138888889
Low,513,513,2.5,0.85,3.05,,,,,,,,,,,0,2.5,0.694444444
Low,514,514,6.6,1.29,4.65,,,,,,,,,,,0,6.6,1.833333333
Low,515,515,11.8,1.42,5.1,,,,,,,,,,,0,11.8,3.277777778
Low,516,516,16.8,1.21,4.35,,,,,,,,,,,0,16.8,4.666666667
Low,517,517,20.5,0.71,2.55,,,,,,,,,,,0,20.5,5.694444444
Low,518,518,21.9,0.19,0.7,,,,,,,,,,,0,21.9,6.083333333
Low,519,519,21.9,-0.08,-0.3,,,,,,,,,,,0,21.9,6.083333333
Low,520,520,21.3,-0.22,-0.8,,,,,,,,,,,0,21.3,5.916666667
Low,521,521,20.3,-0.29,-1.05,,,,,,,,,,,0,20.3,5.638888889
Low,522,522,19.2,-0.35,-1.25,,,,,,,,,,,0,19.2,5.333333333
Low,523,523,17.8,-0.51,-1.85,,,,,,,,,,,0,17.8,4.944444444
Low,524,524,15.5,-0.82,-2.95,,,,,,,,,,,0,15.5,4.305555556
Low,525,525,11.9,-1.1,-3.95,,,,,,,,,,,0,11.9,3.305555556
Low,526,526,7.6,-1.1,-3.95,,,,,,,,,,,0,7.6,2.111111111
Low,527,527,4,-0.78,-2.8,,,,,,,,,,,0,4,1.111111111
Low,528,528,2,-0.42,-1.5,,,,,,,,,,,0,2,0.555555556
Low,529,529,1,-0.28,-1,,,,,,,,,,,0,1,0.277777778
Low,530,530,0,-0.14,-0.5,,,,,,,,,,,1,,0
Low,531,531,0,0,0,,,,,,,,,,,1,,0
Low,532,532,0,0.03,0.1,,,,,,,,,,,1,,0
Low,533,533,0.2,0.17,0.6,,,,,,,,,,,1,,0.055555556
Low,534,534,1.2,0.42,1.5,,,,,,,,,,,0,1.2,0.333333333
Low,535,535,3.2,0.56,2,,,,,,,,,,,0,3.2,0.888888889
Low,536,536,5.2,0.69,2.5,,,,,,,,,,,0,5.2,1.444444444
Low,537,537,8.2,1.08,3.9,,,,,,,,,,,0,8.2,2.277777778
Low,538,538,13,1.47,5.3,,,,,,,,,,,0,13,3.611111111
Low,539,539,18.8,1.4,5.05,,,,,,,,,,,0,18.8,5.222222222
Low,540,540,23.1,0.79,2.85,,,,,,,,,,,0,23.1,6.416666667
Low,541,541,24.5,0.19,0.7,,,,,,,,,,,0,24.5,6.805555556
Low,542,542,24.5,-0.03,-0.1,,,,,,,,,,,0,24.5,6.805555556
Low,543,543,24.3,-0.13,-0.45,,,,,,,,,,,0,24.3,6.75
Low,544,544,23.6,-0.28,-1,,,,,,,,,,,0,23.6,6.555555556
Low,545,545,22.3,-0.49,-1.75,,,,,,,,,,,0,22.3,6.194444444
Low,546,546,20.1,-0.53,-1.9,,,,,,,,,,,0,20.1,5.583333333
Low,547,547,18.5,-0.4,-1.45,,,,,,,,,,,0,18.5,5.138888889
Low,548,548,17.2,-0.31,-1.1,,,,,,,,,,,0,17.2,4.777777778
Low,549,549,16.3,-0.25,-0.9,,,,,,,,,,,0,16.3,4.527777778
Low,550,550,15.4,-0.22,-0.8,,,,,,,,,,,0,15.4,4.277777778
Low,551,551,14.7,-0.15,-0.55,,,,,,,,,,,0,14.7,4.083333333
Low,552,552,14.3,-0.14,-0.5,,,,,,,,,,,0,14.3,3.972222222
Low,553,553,13.7,-0.14,-0.5,,,,,,,,,,,0,13.7,3.805555556
Low,554,554,13.3,-0.08,-0.3,,,,,,,,,,,0,13.3,3.694444444
Low,555,555,13.1,-0.03,-0.1,,,,,,,,,,,0,13.1,3.638888889
Low,556,556,13.1,0.03,0.1,,,,,,,,,,,0,13.1,3.638888889
Low,557,557,13.3,0.1,0.35,,,,,,,,,,,0,13.3,3.694444444
Low,558,558,13.8,0.17,0.6,,,,,,,,,,,0,13.8,3.833333333
Low,559,559,14.5,0.38,1.35,,,,,,,,,,,0,14.5,4.027777778
Low,560,560,16.5,0.35,1.25,,,,,,,,,,,0,16.5,4.583333333
Low,561,561,17,0.07,0.25,,,,,,,,,,,0,17,4.722222222
Low,562,562,17,0,0,,,,,,,,,,,0,17,4.722222222
Low,563,563,17,-0.22,-0.8,,,,,,,,,,,0,17,4.722222222
Low,564,564,15.4,-0.96,-3.45,,,,,,,,,,,0,15.4,4.277777778
Low,565,565,10.1,-1.47,-5.3,,,,,,,,,,,0,10.1,2.805555556
Low,566,566,4.8,-1.4,-5.05,,,,,,,,,,,0,4.8,1.333333333
Low,567,567,0,-0.67,-2.4,,,,,,,,,,,1,,0
Low,568,568,0,0,0,,,,,,,,,,,1,,0
Low,569,569,0,0,0,,,,,,,,,,,1,,0
Low,570,570,0,0,0,,,,,,,,,,,1,,0
Low,571,571,0,0,0,,,,,,,,,,,1,,0
Low,572,572,0,0,0,,,,,,,,,,,1,,0
Low,573,573,0,0,0,,,,,,,,,,,1,,0
Low,574,574,0,0,0,,,,,,,,,,,1,,0
Low,575,575,0,0,0,,,,,,,,,,,1,,0
Low,576,576,0,0,0,,,,,,,,,,,1,,0
Low,577,577,0,0,0,,,,,,,,,,,1,,0
Low,578,578,0,0,0,,,,,,,,,,,1,,0
Low,579,579,0,0,0,,,,,,,,,,,1,,0
Low,580,580,0,0,0,,,,,,,,,,,1,,0
Low,581,581,0,0,0,,,,,,,,,,,1,,0
Low,582,582,0,0,0,,,,,,,,,,,1,,0
Low,583,583,0,0,0,,,,,,,,,,,1,,0
Low,584,584,0,0,0,,,,,,,,,,,1,,0
Low,585,585,0,0,0,,,,,,,,,,,1,,0
Low,586,586,0,0,0,,,,,,,,,,,1,,0
Low,587,587,0,0,0,,,,,,,,,,,1,,0
Low,588,588,0,0,0,,,,,,,,,,,1,,0
Low,589,589,0,0,0,,,,,,,,,,,1,,0
Middle,590,1,0,0,0,,,,,,,,,,,1,,0
Middle,591,2,0,0,0,,,,,,,,,,,1,,0
Middle,592,3,0,0,0,,,,,,,,,,,1,,0
Middle,593,4,0,0,0,,,,,,,,,,,1,,0
Middle,594,5,0,0,0,,,,,,,,,,,1,,0
Middle,595,6,0,0,0,,,,,,,,,,,1,,0
Middle,596,7,0,0,0,,,,,,,,,,,1,,0
Middle,597,8,0,0,0,,,,,,,,,,,1,,0
Middle,598,9,0,0,0,,,,,,,,,,,1,,0
Middle,599,10,0,0,0,,,,,,,,,,,1,,0
Middle,600,11,0,0.14,0.5,,,,,,,,,,,1,,0
Middle,601,12,1,0.29,1.05,,,,,,,,,,,0,1,0.277777778
Middle,602,13,2.1,0.53,1.9,,,,,,,,,,,0,2.1,0.583333333
Middle,603,14,4.8,0.97,3.5,,,,,,,,,,,0,4.8,1.333333333
Middle,604,15,9.1,1.31,4.7,,,,,,,,,,,0,9.1,2.527777778
Middle,605,16,14.2,1.49,5.35,,,,,,,,,,,0,14.2,3.944444444
Middle,606,17,19.8,1.57,5.65,,,,,,,,,,,0,19.8,5.5
Middle,607,18,25.5,1.49,5.35,,,,,,,,,,,0,25.5,7.083333333
Middle,608,19,30.5,1.29,4.65,,,,,,,,,,,0,30.5,8.472222222
Middle,609,20,34.8,1.15,4.15,,,,,,,,,,,0,34.8,9.666666667
Middle,610,21,38.8,1.13,4.05,,,,,,,,,,,0,38.8,10.77777778
Middle,611,22,42.9,1.06,3.8,,,,,,,,,,,0,42.9,11.91666667
Middle,612,23,46.4,0.75,2.7,,,,,,,,,,,0,46.4,12.88888889
Middle,613,24,48.3,0.32,1.15,,,,,,,,,,,0,48.3,13.41666667
Middle,614,25,48.7,0.03,0.1,,,,,,,,,,,0,48.7,13.52777778
Middle,615,26,48.5,-0.04,-0.15,,,,,,,,,,,0,48.5,13.47222222
Middle,616,27,48.4,-0.04,-0.15,,,,,,,,,,,0,48.4,13.44444444
Middle,617,28,48.2,-0.08,-0.3,,,,,,,,,,,0,48.2,13.38888889
Middle,618,29,47.8,-0.17,-0.6,,,,,,,,,,,0,47.8,13.27777778
Middle,619,30,47,-0.26,-0.95,,,,,,,,,,,0,47,13.05555556
Middle,620,31,45.9,-0.29,-1.05,,,,,,,,,,,0,45.9,12.75
Middle,621,32,44.9,-0.21,-0.75,,,,,,,,,,,0,44.9,12.47222222
Middle,622,33,44.4,-0.08,-0.3,,,,,,,,,,,0,44.4,12.33333333
Middle,623,34,44.3,0.01,0.05,,,,,,,,,,,0,44.3,12.30555556
Middle,624,35,44.5,0.11,0.4,,,,,,,,,,,0,44.5,12.36111111
Middle,625,36,45.1,0.17,0.6,,,,,,,,,,,0,45.1,12.52777778
Middle,626,37,45.7,0.13,0.45,,,,,,,,,,,0,45.7,12.69444444
Middle,627,38,46,0.04,0.15,,,,,,,,,,,0,46,12.77777778
Middle,628,39,46,0,0,,,,,,,,,,,0,46,12.77777778
Middle,629,40,46,0.01,0.05,,,,,,,,,,,0,46,12.77777778
Middle,630,41,46.1,0.1,0.35,,,,,,,,,,,0,46.1,12.80555556
Middle,631,42,46.7,0.22,0.8,,,,,,,,,,,0,46.7,12.97222222
Middle,632,43,47.7,0.31,1.1,,,,,,,,,,,0,47.7,13.25
Middle,633,44,48.9,0.36,1.3,,,,,,,,,,,0,48.9,13.58333333
Middle,634,45,50.3,0.38,1.35,,,,,,,,,,,0,50.3,13.97222222
Middle,635,46,51.6,0.32,1.15,,,,,,,,,,,0,51.6,14.33333333
Middle,636,47,52.6,0.19,0.7,,,,,,,,,,,0,52.6,14.61111111
Middle,637,48,53,0.06,0.2,,,,,,,,,,,0,53,14.72222222
Middle,638,49,53,-0.01,-0.05,,,,,,,,,,,0,53,14.72222222
Middle,639,50,52.9,-0.04,-0.15,,,,,,,,,,,0,52.9,14.69444444
Middle,640,51,52.7,-0.04,-0.15,,,,,,,,,,,0,52.7,14.63888889
Middle,641,52,52.6,0.06,0.2,,,,,,,,,,,0,52.6,14.61111111
Middle,642,53,53.1,0.24,0.85,,,,,,,,,,,0,53.1,14.75
Middle,643,54,54.3,0.29,1.05,,,,,,,,,,,0,54.3,15.08333333
Middle,644,55,55.2,0.17,0.6,,,,,,,,,,,0,55.2,15.33333333
Middle,645,56,55.5,0.1,0.35,,,,,,,,,,,0,55.5,15.41666667
Middle,646,57,55.9,0.11,0.4,,,,,,,,,,,0,55.9,15.52777778
Middle,647,58,56.3,0.11,0.4,,,,,,,,,,,0,56.3,15.63888889
Middle,648,59,56.7,0.08,0.3,,,,,,,,,,,0,56.7,15.75
Middle,649,60,56.9,0.01,0.05,,,,,,,,,,,0,56.9,15.80555556
Middle,650,61,56.8,-0.13,-0.45,,,,,,,,,,,0,56.8,15.77777778
Middle,651,62,56,-0.36,-1.3,,,,,,,,,,,0,56,15.55555556
Middle,652,63,54.2,-0.54,-1.95,,,,,,,,,,,0,54.2,15.05555556
Middle,653,64,52.1,-0.57,-2.05,,,,,,,,,,,0,52.1,14.47222222
Middle,654,65,50.1,-0.68,-2.45,,,,,,,,,,,0,50.1,13.91666667
Middle,655,66,47.2,-0.96,-3.45,,,,,,,,,,,0,47.2,13.11111111
Middle,656,67,43.2,-1.11,-4,,,,,,,,,,,0,43.2,12
Middle,657,68,39.2,-0.93,-3.35,,,,,,,,,,,0,39.2,10.88888889
Middle,658,69,36.5,-0.68,-2.45,,,,,,,,,,,0,36.5,10.13888889
Middle,659,70,34.3,-0.76,-2.75,,,,,,,,,,,0,34.3,9.527777778
Middle,660,71,31,-1.15,-4.15,,,,,,,,,,,0,31,8.611111111
Middle,661,72,26,-1.43,-5.15,,,,,,,,,,,0,26,7.222222222
Middle,662,73,20.7,-1.47,-5.3,,,,,,,,,,,0,20.7,5.75
Middle,663,74,15.4,-1.06,-3.8,,,,,,,,,,,0,15.4,4.277777778
Middle,664,75,13.1,-0.47,-1.7,,,,,,,,,,,0,13.1,3.638888889
Middle,665,76,12,-0.08,-0.3,,,,,,,,,,,0,12,3.333333333
Middle,666,77,12.5,0.28,1,,,,,,,,,,,0,12.5,3.472222222
Middle,667,78,14,0.9,3.25,,,,,,,,,,,0,14,3.888888889
Middle,668,79,19,1.28,4.6,,,,,,,,,,,0,19,5.277777778
Middle,669,80,23.2,1.25,4.5,,,,,,,,,,,0,23.2,6.444444444
Middle,670,81,28,1.22,4.4,,,,,,,,,,,0,28,7.777777778
Middle,671,82,32,0.83,3,,,,,,,,,,,0,32,8.888888889
Middle,672,83,34,0.56,2,,,,,,,,,,,0,34,9.444444444
Middle,673,84,36,0.56,2,,,,,,,,,,,0,36,10
Middle,674,85,38,0.56,2,,,,,,,,,,,0,38,10.55555556
Middle,675,86,40,0.32,1.15,,,,,,,,,,,0,40,11.11111111
Middle,676,87,40.3,0.07,0.25,,,,,,,,,,,0,40.3,11.19444444
Middle,677,88,40.5,-0.18,-0.65,,,,,,,,,,,0,40.5,11.25
Middle,678,89,39,-0.67,-2.4,,,,,,,,,,,0,39,10.83333333
Middle,679,90,35.7,-1,-3.6,,,,,,,,,,,0,35.7,9.916666667
Middle,680,91,31.8,-1.19,-4.3,,,,,,,,,,,0,31.8,8.833333333
Middle,681,92,27.1,-1.25,-4.5,,,,,,,,,,,0,27.1,7.527777778
Middle,682,93,22.8,-0.83,-3,,,,,,,,,,,0,22.8,6.333333333
Middle,683,94,21.1,-0.54,-1.95,,,,,,,,,,,0,21.1,5.861111111
Middle,684,95,18.9,-0.31,-1.1,,,,,,,,,,,0,18.9,5.25
Middle,685,96,18.9,0.33,1.2,,,,,,,,,,,0,18.9,5.25
Middle,686,97,21.3,0.69,2.5,,,,,,,,,,,0,21.3,5.916666667
Middle,687,98,23.9,0.64,2.3,,,,,,,,,,,0,23.9,6.638888889
Middle,688,99,25.9,0.63,2.25,,,,,,,,,,,0,25.9,7.194444444
Middle,689,100,28.4,0.61,2.2,,,,,,,,,,,0,28.4,7.888888889
Middle,690,101,30.3,0.35,1.25,,,,,,,,,,,0,30.3,8.416666667
Middle,691,102,30.9,0.11,0.4,,,,,,,,,,,0,30.9,8.583333333
Middle,692,103,31.1,0.13,0.45,,,,,,,,,,,0,31.1,8.638888889
Middle,693,104,31.8,0.22,0.8,,,,,,,,,,,0,31.8,8.833333333
Middle,694,105,32.7,0.19,0.7,,,,,,,,,,,0,32.7,9.083333333
Middle,695,106,33.2,-0.04,-0.15,,,,,,,,,,,0,33.2,9.222222222
Middle,696,107,32.4,-0.68,-2.45,,,,,,,,,,,0,32.4,9
Middle,697,108,28.3,-0.92,-3.3,,,,,,,,,,,0,28.3,7.861111111
Middle,698,109,25.8,-0.72,-2.6,,,,,,,,,,,0,25.8,7.166666667
Middle,699,110,23.1,-0.56,-2,,,,,,,,,,,0,23.1,6.416666667
Middle,700,111,21.8,-0.26,-0.95,,,,,,,,,,,0,21.8,6.055555556
Middle,701,112,21.2,-0.11,-0.4,,,,,,,,,,,0,21.2,5.888888889
Middle,702,113,21,-0.03,-0.1,,,,,,,,,,,0,21,5.833333333
Middle,703,114,21,-0.01,-0.05,,,,,,,,,,,0,21,5.833333333
Middle,704,115,20.9,-0.15,-0.55,,,,,,,,,,,0,20.9,5.805555556
Middle,705,116,19.9,-0.42,-1.5,,,,,,,,,,,0,19.9,5.527777778
Middle,706,117,17.9,-0.67,-2.4,,,,,,,,,,,0,17.9,4.972222222
Middle,707,118,15.1,-0.71,-2.55,,,,,,,,,,,0,15.1,4.194444444
Middle,708,119,12.8,-0.43,-1.55,,,,,,,,,,,0,12.8,3.555555556
Middle,709,120,12,0.06,0.2,,,,,,,,,,,0,12,3.333333333
Middle,710,121,13.2,0.71,2.55,,,,,,,,,,,0,13.2,3.666666667
Middle,711,122,17.1,1.1,3.95,,,,,,,,,,,0,17.1,4.75
Middle,712,123,21.1,0.65,2.35,,,,,,,,,,,0,21.1,5.861111111
Middle,713,124,21.8,0.01,0.05,,,,,,,,,,,0,21.8,6.055555556
Middle,714,125,21.2,-0.46,-1.65,,,,,,,,,,,0,21.2,5.888888889
Middle,715,126,18.5,-1.01,-3.65,,,,,,,,,,,0,18.5,5.138888889
Middle,716,127,13.9,-0.9,-3.25,,,,,,,,,,,0,13.9,3.861111111
Middle,717,128,12,-0.26,-0.95,,,,,,,,,,,0,12,3.333333333
Middle,718,129,12,0.14,0.5,,,,,,,,,,,0,12,3.333333333
Middle,719,130,13,0.56,2,,,,,,,,,,,0,13,3.611111111
Middle,720,131,16,0.76,2.75,,,,,,,,,,,0,16,4.444444444
Middle,721,132,18.5,0.64,2.3,,,,,,,,,,,0,18.5,5.138888889
Middle,722,133,20.6,0.56,2,,,,,,,,,,,0,20.6,5.722222222
Middle,723,134,22.5,0.47,1.7,,,,,,,,,,,0,22.5,6.25
Middle,724,135,24,0.57,2.05,,,,,,,,,,,0,24,6.666666667
Middle,725,136,26.6,0.82,2.95,,,,,,,,,,,0,26.6,7.388888889
Middle,726,137,29.9,1.14,4.1,,,,,,,,,,,0,29.9,8.305555556
Middle,727,138,34.8,1.1,3.95,,,,,,,,,,,0,34.8,9.666666667
Middle,728,139,37.8,0.75,2.7,,,,,,,,,,,0,37.8,10.5
Middle,729,140,40.2,0.53,1.9,,,,,,,,,,,0,40.2,11.16666667
Middle,730,141,41.6,0.24,0.85,,,,,,,,,,,0,41.6,11.55555556
Middle,731,142,41.9,0.06,0.2,,,,,,,,,,,0,41.9,11.63888889
Middle,732,143,42,0.04,0.15,,,,,,,,,,,0,42,11.66666667
Middle,733,144,42.2,0.06,0.2,,,,,,,,,,,0,42.2,11.72222222
Middle,734,145,42.4,0.07,0.25,,,,,,,,,,,0,42.4,11.77777778
Middle,735,146,42.7,0.1,0.35,,,,,,,,,,,0,42.7,11.86111111
Middle,736,147,43.1,0.14,0.5,,,,,,,,,,,0,43.1,11.97222222
Middle,737,148,43.7,0.13,0.45,,,,,,,,,,,0,43.7,12.13888889
Middle,738,149,44,0.06,0.2,,,,,,,,,,,0,44,12.22222222
Middle,739,150,44.1,0.18,0.65,,,,,,,,,,,0,44.1,12.25
Middle,740,151,45.3,0.32,1.15,,,,,,,,,,,0,45.3,12.58333333
Middle,741,152,46.4,0.26,0.95,,,,,,,,,,,0,46.4,12.88888889
Middle,742,153,47.2,0.13,0.45,,,,,,,,,,,0,47.2,13.11111111
Middle,743,154,47.3,0.03,0.1,,,,,,,,,,,0,47.3,13.13888889
Middle,744,155,47.4,0.01,0.05,,,,,,,,,,,0,47.4,13.16666667
Middle,745,156,47.4,0.01,0.05,,,,,,,,,,,0,47.4,13.16666667
Middle,746,157,47.5,0.07,0.25,,,,,,,,,,,0,47.5,13.19444444
Middle,747,158,47.9,0.15,0.55,,,,,,,,,,,0,47.9,13.30555556
Middle,748,159,48.6,0.21,0.75,,,,,,,,,,,0,48.6,13.5
Middle,749,160,49.4,0.17,0.6,,,,,,,,,,,0,49.4,13.72222222
Middle,750,161,49.8,0.06,0.2,,,,,,,,,,,0,49.8,13.83333333
Middle,751,162,49.8,-0.01,-0.05,,,,,,,,,,,0,49.8,13.83333333
Middle,752,163,49.7,-0.07,-0.25,,,,,,,,,,,0,49.7,13.80555556
Middle,753,164,49.3,-0.17,-0.6,,,,,,,,,,,0,49.3,13.69444444
Middle,754,165,48.5,-0.24,-0.85,,,,,,,,,,,0,48.5,13.47222222
Middle,755,166,47.6,-0.31,-1.1,,,,,,,,,,,0,47.6,13.22222222
Middle,756,167,46.3,-0.54,-1.95,,,,,,,,,,,0,46.3,12.86111111
Middle,757,168,43.7,-0.97,-3.5,,,,,,,,,,,0,43.7,12.13888889
Middle,758,169,39.3,-1.33,-4.8,,,,,,,,,,,0,39.3,10.91666667
Middle,759,170,34.1,-1.43,-5.15,,,,,,,,,,,0,34.1,9.472222222
Middle,760,171,29,-1.44,-5.2,,,,,,,,,,,0,29,8.055555556
Middle,761,172,23.7,-1.47,-5.3,,,,,,,,,,,0,23.7,6.583333333
Middle,762,173,18.4,-1.31,-4.7,,,,,,,,,,,0,18.4,5.111111111
Middle,763,174,14.3,-0.89,-3.2,,,,,,,,,,,0,14.3,3.972222222
Middle,764,175,12,-0.21,-0.75,,,,,,,,,,,0,12,3.333333333
Middle,765,176,12.8,0.56,2,,,,,,,,,,,0,12.8,3.555555556
Middle,766,177,16,0.88,3.15,,,,,,,,,,,0,16,4.444444444
Middle,767,178,19.1,0.89,3.2,,,,,,,,,,,0,19.1,5.305555556
Middle,768,179,22.4,0.9,3.25,,,,,,,,,,,0,22.4,6.222222222
Middle,769,180,25.6,1.07,3.85,,,,,,,,,,,0,25.6,7.111111111
Middle,770,181,30.1,1.35,4.85,,,,,,,,,,,0,30.1,8.361111111
Middle,771,182,35.3,1.36,4.9,,,,,,,,,,,0,35.3,9.805555556
Middle,772,183,39.9,1.28,4.6,,,,,,,,,,,0,39.9,11.08333333
Middle,773,184,44.5,1.06,3.8,,,,,,,,,,,0,44.5,12.36111111
Middle,774,185,47.5,0.89,3.2,,,,,,,,,,,0,47.5,13.19444444
Middle,775,186,50.9,0.92,3.3,,,,,,,,,,,0,50.9,14.13888889
Middle,776,187,54.1,0.75,2.7,,,,,,,,,,,0,54.1,15.02777778
Middle,777,188,56.3,0.56,2,,,,,,,,,,,0,56.3,15.63888889
Middle,778,189,58.1,0.49,1.75,,,,,,,,,,,0,58.1,16.13888889
Middle,779,190,59.8,0.42,1.5,,,,,,,,,,,0,59.8,16.61111111
Middle,780,191,61.1,0.32,1.15,,,,,,,,,,,0,61.1,16.97222222
Middle,781,192,62.1,0.24,0.85,,,,,,,,,,,0,62.1,17.25
Middle,782,193,62.8,0.17,0.6,,,,,,,,,,,0,62.8,17.44444444
Middle,783,194,63.3,0.11,0.4,,,,,,,,,,,0,63.3,17.58333333
Middle,784,195,63.6,0.1,0.35,,,,,,,,,,,0,63.6,17.66666667
Middle,785,196,64,0.15,0.55,,,,,,,,,,,0,64,17.77777778
Middle,786,197,64.7,0.17,0.6,,,,,,,,,,,0,64.7,17.97222222
Middle,787,198,65.2,0.08,0.3,,,,,,,,,,,0,65.2,18.11111111
Middle,788,199,65.3,0.01,0.05,,,,,,,,,,,0,65.3,18.13888889
Middle,789,200,65.3,0.01,0.05,,,,,,,,,,,0,65.3,18.13888889
Middle,790,201,65.4,0.06,0.2,,,,,,,,,,,0,65.4,18.16666667
Middle,791,202,65.7,0.08,0.3,,,,,,,,,,,0,65.7,18.25
Middle,792,203,66,-0.01,-0.05,,,,,,,,,,,0,66,18.33333333
Middle,793,204,65.6,-0.35,-1.25,,,,,,,,,,,0,65.6,18.22222222
Middle,794,205,63.5,-0.82,-2.95,,,,,,,,,,,0,63.5,17.63888889
Middle,795,206,59.7,-1.24,-4.45,,,,,,,,,,,0,59.7,16.58333333
Middle,796,207,54.6,-1.44,-5.2,,,,,,,,,,,0,54.6,15.16666667
Middle,797,208,49.3,-1.35,-4.85,,,,,,,,,,,0,49.3,13.69444444
Middle,798,209,44.9,-0.97,-3.5,,,,,,,,,,,0,44.9,12.47222222
Middle,799,210,42.3,-0.49,-1.75,,,,,,,,,,,0,42.3,11.75
Middle,800,211,41.4,-0.14,-0.5,,,,,,,,,,,0,41.4,11.5
Middle,801,212,41.3,0.1,0.35,,,,,,,,,,,0,41.3,11.47222222
Middle,802,213,42.1,0.47,1.7,,,,,,,,,,,0,42.1,11.69444444
Middle,803,214,44.7,0.88,3.15,,,,,,,,,,,0,44.7,12.41666667
Middle,804,215,48.4,0.93,3.35,,,,,,,,,,,0,48.4,13.44444444
Middle,805,216,51.4,0.6,2.15,,,,,,,,,,,0,51.4,14.27777778
Middle,806,217,52.7,0.22,0.8,,,,,,,,,,,0,52.7,14.63888889
Middle,807,218,53,-0.03,-0.1,,,,,,,,,,,0,53,14.72222222
Middle,808,219,52.5,-0.24,-0.85,,,,,,,,,,,0,52.5,14.58333333
Middle,809,220,51.3,-0.39,-1.4,,,,,,,,,,,0,51.3,14.25
Middle,810,221,49.7,-0.54,-1.95,,,,,,,,,,,0,49.7,13.80555556
Middle,811,222,47.4,-0.83,-3,,,,,,,,,,,0,47.4,13.16666667
Middle,812,223,43.7,-1.07,-3.85,,,,,,,,,,,0,43.7,12.13888889
Middle,813,224,39.7,-1.14,-4.1,,,,,,,,,,,0,39.7,11.02777778
Middle,814,225,35.5,-1.19,-4.3,,,,,,,,,,,0,35.5,9.861111111
Middle,815,226,31.1,-1.28,-4.6,,,,,,,,,,,0,31.1,8.638888889
Middle,816,227,26.3,-1.28,-4.6,,,,,,,,,,,0,26.3,7.305555556
Middle,817,228,21.9,-1.15,-4.15,,,,,,,,,,,0,21.9,6.083333333
Middle,818,229,18,-0.68,-2.45,,,,,,,,,,,0,18,5
Middle,819,230,17,0,0,,,,,,,,,,,0,17,4.722222222
Middle,820,231,18,0.61,2.2,,,,,,,,,,,0,18,5
Middle,821,232,21.4,0.94,3.4,,,,,,,,,,,0,21.4,5.944444444
Middle,822,233,24.8,0.9,3.25,,,,,,,,,,,0,24.8,6.888888889
Middle,823,234,27.9,0.83,3,,,,,,,,,,,0,27.9,7.75
Middle,824,235,30.8,0.71,2.55,,,,,,,,,,,0,30.8,8.555555556
Middle,825,236,33,0.6,2.15,,,,,,,,,,,0,33,9.166666667
Middle,826,237,35.1,0.57,2.05,,,,,,,,,,,0,35.1,9.75
Middle,827,238,37.1,0.53,1.9,,,,,,,,,,,0,37.1,10.30555556
Middle,828,239,38.9,0.6,2.15,,,,,,,,,,,0,38.9,10.80555556
Middle,829,240,41.4,0.71,2.55,,,,,,,,,,,0,41.4,11.5
Middle,830,241,44,0.68,2.45,,,,,,,,,,,0,44,12.22222222
Middle,831,242,46.3,0.51,1.85,,,,,,,,,,,0,46.3,12.86111111
Middle,832,243,47.7,0.26,0.95,,,,,,,,,,,0,47.7,13.25
Middle,833,244,48.2,0.14,0.5,,,,,,,,,,,0,48.2,13.38888889
Middle,834,245,48.7,0.15,0.55,,,,,,,,,,,0,48.7,13.52777778
Middle,835,246,49.3,0.15,0.55,,,,,,,,,,,0,49.3,13.69444444
Middle,836,247,49.8,0.13,0.45,,,,,,,,,,,0,49.8,13.83333333
Middle,837,248,50.2,0.15,0.55,,,,,,,,,,,0,50.2,13.94444444
Middle,838,249,50.9,0.22,0.8,,,,,,,,,,,0,50.9,14.13888889
Middle,839,250,51.8,0.22,0.8,,,,,,,,,,,0,51.8,14.38888889
Middle,840,251,52.5,0.21,0.75,,,,,,,,,,,0,52.5,14.58333333
Middle,841,252,53.3,0.28,1,,,,,,,,,,,0,53.3,14.80555556
Middle,842,253,54.5,0.33,1.2,,,,,,,,,,,0,54.5,15.13888889
Middle,843,254,55.7,0.28,1,,,,,,,,,,,0,55.7,15.47222222
Middle,844,255,56.5,0.15,0.55,,,,,,,,,,,0,56.5,15.69444444
Middle,845,256,56.8,0.07,0.25,,,,,,,,,,,0,56.8,15.77777778
Middle,846,257,57,0.06,0.2,,,,,,,,,,,0,57,15.83333333
Middle,847,258,57.2,0.1,0.35,,,,,,,,,,,0,57.2,15.88888889
Middle,848,259,57.7,0.21,0.75,,,,,,,,,,,0,57.7,16.02777778
Middle,849,260,58.7,0.33,1.2,,,,,,,,,,,0,58.7,16.30555556
Middle,850,261,60.1,0.33,1.2,,,,,,,,,,,0,60.1,16.69444444
Middle,851,262,61.1,0.22,0.8,,,,,,,,,,,0,61.1,16.97222222
Middle,852,263,61.7,0.17,0.6,,,,,,,,,,,0,61.7,17.13888889
Middle,853,264,62.3,0.17,0.6,,,,,,,,,,,0,62.3,17.30555556
Middle,854,265,62.9,0.14,0.5,,,,,,,,,,,0,62.9,17.47222222
Middle,855,266,63.3,0.07,0.25,,,,,,,,,,,0,63.3,17.58333333
Middle,856,267,63.4,0.03,0.1,,,,,,,,,,,0,63.4,17.61111111
Middle,857,268,63.5,0.15,0.55,,,,,,,,,,,0,63.5,17.63888889
Middle,858,269,64.5,0.32,1.15,,,,,,,,,,,0,64.5,17.91666667
Middle,859,270,65.8,0.32,1.15,,,,,,,,,,,0,65.8,18.27777778
Middle,860,271,66.8,0.22,0.8,,,,,,,,,,,0,66.8,18.55555556
Middle,861,272,67.4,0.28,1,,,,,,,,,,,0,67.4,18.72222222
Middle,862,273,68.8,0.51,1.85,,,,,,,,,,,0,68.8,19.11111111
Middle,863,274,71.1,0.49,1.75,,,,,,,,,,,0,71.1,19.75
Middle,864,275,72.3,0.24,0.85,,,,,,,,,,,0,72.3,20.08333333
Middle,865,276,72.8,0.15,0.55,,,,,,,,,,,0,72.8,20.22222222
Middle,866,277,73.4,0.25,0.9,,,,,,,,,,,0,73.4,20.38888889
Middle,867,278,74.6,0.36,1.3,,,,,,,,,,,0,74.6,20.72222222
Middle,868,279,76,0.28,1,,,,,,,,,,,0,76,21.11111111
Middle,869,280,76.6,0.07,0.25,,,,,,,,,,,0,76.6,21.27777778
Middle,870,281,76.5,-0.06,-0.2,,,,,,,,,,,0,76.5,21.25
Middle,871,282,76.2,-0.1,-0.35,,,,,,,,,,,0,76.2,21.16666667
Middle,872,283,75.8,-0.11,-0.4,,,,,,,,,,,0,75.8,21.05555556
Middle,873,284,75.4,-0.14,-0.5,,,,,,,,,,,0,75.4,20.94444444
Middle,874,285,74.8,-0.21,-0.75,,,,,,,,,,,0,74.8,20.77777778
Middle,875,286,73.9,-0.29,-1.05,,,,,,,,,,,0,73.9,20.52777778
Middle,876,287,72.7,-0.36,-1.3,,,,,,,,,,,0,72.7,20.19444444
Middle,877,288,71.3,-0.32,-1.15,,,,,,,,,,,0,71.3,19.80555556
Middle,878,289,70.4,-0.18,-0.65,,,,,,,,,,,0,70.4,19.55555556
Middle,879,290,70,-0.06,-0.2,,,,,,,,,,,0,70,19.44444444
Middle,880,291,70,-0.14,-0.5,,,,,,,,,,,0,70,19.44444444
Middle,881,292,69,-0.28,-1,,,,,,,,,,,0,69,19.16666667
Middle,882,293,68,-0.14,-0.5,,,,,,,,,,,0,68,18.88888889
Middle,883,294,68,0,0,,,,,,,,,,,0,68,18.88888889
Middle,884,295,68,0.01,0.05,,,,,,,,,,,0,68,18.88888889
Middle,885,296,68.1,0.06,0.2,,,,,,,,,,,0,68.1,18.91666667
Middle,886,297,68.4,0.07,0.25,,,,,,,,,,,0,68.4,19
Middle,887,298,68.6,0.04,0.15,,,,,,,,,,,0,68.6,19.05555556
Middle,888,299,68.7,-0.01,-0.05,,,,,,,,,,,0,68.7,19.08333333
Middle,889,300,68.5,-0.08,-0.3,,,,,,,,,,,0,68.5,19.02777778
Middle,890,301,68.1,-0.17,-0.6,,,,,,,,,,,0,68.1,18.91666667
Middle,891,302,67.3,-0.26,-0.95,,,,,,,,,,,0,67.3,18.69444444
Middle,892,303,66.2,-0.35,-1.25,,,,,,,,,,,0,66.2,18.38888889
Middle,893,304,64.8,-0.36,-1.3,,,,,,,,,,,0,64.8,18
Middle,894,305,63.6,-0.31,-1.1,,,,,,,,,,,0,63.6,17.66666667
Middle,895,306,62.6,-0.21,-0.75,,,,,,,,,,,0,62.6,17.38888889
Middle,896,307,62.1,-0.1,-0.35,,,,,,,,,,,0,62.1,17.25
Middle,897,308,61.9,-0.03,-0.1,,,,,,,,,,,0,61.9,17.19444444
Middle,898,309,61.9,-0.01,-0.05,,,,,,,,,,,0,61.9,17.19444444
Middle,899,310,61.8,-0.06,-0.2,,,,,,,,,,,0,61.8,17.16666667
Middle,900,311,61.5,-0.13,-0.45,,,,,,,,,,,0,61.5,17.08333333
Middle,901,312,60.9,-0.25,-0.9,,,,,,,,,,,0,60.9,16.91666667
Middle,902,313,59.7,-0.88,-3.15,,,,,,,,,,,0,59.7,16.58333333
Middle,903,314,54.6,-1.44,-5.2,,,,,,,,,,,0,54.6,15.16666667
Middle,904,315,49.3,-1.35,-4.85,,,,,,,,,,,0,49.3,13.69444444
Middle,905,316,44.9,-0.97,-3.5,,,,,,,,,,,0,44.9,12.47222222
Middle,906,317,42.3,-0.49,-1.75,,,,,,,,,,,0,42.3,11.75
Middle,907,318,41.4,-0.14,-0.5,,,,,,,,,,,0,41.4,11.5
Middle,908,319,41.3,0.1,0.35,,,,,,,,,,,0,41.3,11.47222222
Middle,909,320,42.1,0.47,1.7,,,,,,,,,,,0,42.1,11.69444444
Middle,910,321,44.7,0.88,3.15,,,,,,,,,,,0,44.7,12.41666667
Middle,911,322,48.4,0.93,3.35,,,,,,,,,,,0,48.4,13.44444444
Middle,912,323,51.4,0.6,2.15,,,,,,,,,,,0,51.4,14.27777778
Middle,913,324,52.7,0.36,1.3,,,,,,,,,,,0,52.7,14.63888889
Middle,914,325,54,0.6,2.15,,,,,,,,,,,0,54,15
Middle,915,326,57,0.57,2.05,,,,,,,,,,,0,57,15.83333333
Middle,916,327,58.1,0.31,1.1,,,,,,,,,,,0,58.1,16.13888889
Middle,917,328,59.2,0.13,0.45,,,,,,,,,,,0,59.2,16.44444444
Middle,918,329,59,-0.01,-0.05,,,,,,,,,,,0,59,16.38888889
Middle,919,330,59.1,0.07,0.25,,,,,,,,,,,0,59.1,16.41666667
Middle,920,331,59.5,0.19,0.7,,,,,,,,,,,0,59.5,16.52777778
Middle,921,332,60.5,0.39,1.4,,,,,,,,,,,0,60.5,16.80555556
Middle,922,333,62.3,0.47,1.7,,,,,,,,,,,0,62.3,17.30555556
Middle,923,334,63.9,0.39,1.4,,,,,,,,,,,0,63.9,17.75
Middle,924,335,65.1,0.03,0.1,,,,,,,,,,,0,65.1,18.08333333
Middle,925,336,64.1,-0.33,-1.2,,,,,,,,,,,0,64.1,17.80555556
Middle,926,337,62.7,-0.29,-1.05,,,,,,,,,,,0,62.7,17.41666667
Middle,927,338,62,-0.19,-0.7,,,,,,,,,,,0,62,17.22222222
Middle,928,339,61.3,-0.15,-0.55,,,,,,,,,,,0,61.3,17.02777778
Middle,929,340,60.9,-0.11,-0.4,,,,,,,,,,,0,60.9,16.91666667
Middle,930,341,60.5,-0.1,-0.35,,,,,,,,,,,0,60.5,16.80555556
Middle,931,342,60.2,-0.1,-0.35,,,,,,,,,,,0,60.2,16.72222222
Middle,932,343,59.8,-0.11,-0.4,,,,,,,,,,,0,59.8,16.61111111
Middle,933,344,59.4,-0.17,-0.6,,,,,,,,,,,0,59.4,16.5
Middle,934,345,58.6,-0.26,-0.95,,,,,,,,,,,0,58.6,16.27777778
Middle,935,346,57.5,-0.28,-1,,,,,,,,,,,0,57.5,15.97222222
Middle,936,347,56.6,-0.21,-0.75,,,,,,,,,,,0,56.6,15.72222222
Middle,937,348,56,-0.15,-0.55,,,,,,,,,,,0,56,15.55555556
Middle,938,349,55.5,-0.14,-0.5,,,,,,,,,,,0,55.5,15.41666667
Middle,939,350,55,-0.15,-0.55,,,,,,,,,,,0,55,15.27777778
Middle,940,351,54.4,-0.13,-0.45,,,,,,,,,,,0,54.4,15.11111111
Middle,941,352,54.1,-0.06,-0.2,,,,,,,,,,,0,54.1,15.02777778
Middle,942,353,54,-0.03,-0.1,,,,,,,,,,,0,54,15
Middle,943,354,53.9,-0.01,-0.05,,,,,,,,,,,0,53.9,14.97222222
Middle,944,355,53.9,0.01,0.05,,,,,,,,,,,0,53.9,14.97222222
Middle,945,356,54,0.04,0.15,,,,,,,,,,,0,54,15
Middle,946,357,54.2,0.14,0.5,,,,,,,,,,,0,54.2,15.05555556
Middle,947,358,55,0.22,0.8,,,,,,,,,,,0,55,15.27777778
Middle,948,359,55.8,0.17,0.6,,,,,,,,,,,0,55.8,15.5
Middle,949,360,56.2,0.04,0.15,,,,,,,,,,,0,56.2,15.61111111
Middle,950,361,56.1,-0.15,-0.55,,,,,,,,,,,0,56.1,15.58333333
Middle,951,362,55.1,-0.47,-1.7,,,,,,,,,,,0,55.1,15.30555556
Middle,952,363,52.7,-0.93,-3.35,,,,,,,,,,,0,52.7,14.63888889
Middle,953,364,48.4,-1.33,-4.8,,,,,,,,,,,0,48.4,13.44444444
Middle,954,365,43.1,-1.47,-5.3,,,,,,,,,,,0,43.1,11.97222222
Middle,955,366,37.8,-1.47,-5.3,,,,,,,,,,,0,37.8,10.5
Middle,956,367,32.5,-1.47,-5.3,,,,,,,,,,,0,32.5,9.027777778
Middle,957,368,27.2,-1.03,-3.7,,,,,,,,,,,0,27.2,7.555555556
Middle,958,369,25.1,-0.17,-0.6,,,,,,,,,,,0,25.1,6.972222222
Middle,959,370,26,0.58,2.1,,,,,,,,,,,0,26,7.222222222
Middle,960,371,29.3,1.19,4.3,,,,,,,,,,,0,29.3,8.138888889
Middle,961,372,34.6,1.54,5.55,,,,,,,,,,,0,34.6,9.611111111
Middle,962,373,40.4,1.49,5.35,,,,,,,,,,,0,40.4,11.22222222
Middle,963,374,45.3,1.19,4.3,,,,,,,,,,,0,45.3,12.58333333
Middle,964,375,49,0.81,2.9,,,,,,,,,,,0,49,13.61111111
Middle,965,376,51.1,0.43,1.55,,,,,,,,,,,0,51.1,14.19444444
Middle,966,377,52.1,0.15,0.55,,,,,,,,,,,0,52.1,14.47222222
Middle,967,378,52.2,0,0,,,,,,,,,,,0,52.2,14.5
Middle,968,379,52.1,-0.07,-0.25,,,,,,,,,,,0,52.1,14.47222222
Middle,969,380,51.7,-0.17,-0.6,,,,,,,,,,,0,51.7,14.36111111
Middle,970,381,50.9,-0.35,-1.25,,,,,,,,,,,0,50.9,14.13888889
Middle,971,382,49.2,-0.69,-2.5,,,,,,,,,,,0,49.2,13.66666667
Middle,972,383,45.9,-1.19,-4.3,,,,,,,,,,,0,45.9,12.75
Middle,973,384,40.6,-1.47,-5.3,,,,,,,,,,,0,40.6,11.27777778
Middle,974,385,35.3,-1.47,-5.3,,,,,,,,,,,0,35.3,9.805555556
Middle,975,386,30,-1.47,-5.3,,,,,,,,,,,0,30,8.333333333
Middle,976,387,24.7,-1.49,-5.35,,,,,,,,,,,0,24.7,6.861111111
Middle,977,388,19.3,-1.21,-4.35,,,,,,,,,,,0,19.3,5.361111111
Middle,978,389,16,-0.85,-3.05,,,,,,,,,,,0,16,4.444444444
Middle,979,390,13.2,-0.74,-2.65,,,,,,,,,,,0,13.2,3.666666667
Middle,980,391,10.7,-0.61,-2.2,,,,,,,,,,,0,10.7,2.972222222
Middle,981,392,8.8,-0.49,-1.75,,,,,,,,,,,0,8.8,2.444444444
Middle,982,393,7.2,-0.46,-1.65,,,,,,,,,,,0,7.2,2
Middle,983,394,5.5,-0.56,-2,,,,,,,,,,,0,5.5,1.527777778
Middle,984,395,3.2,-0.61,-2.2,,,,,,,,,,,0,3.2,0.888888889
Middle,985,396,1.1,-0.44,-1.6,,,,,,,,,,,0,1.1,0.305555556
Middle,986,397,0,-0.15,-0.55,,,,,,,,,,,1,,0
Middle,987,398,0,0,0,,,,,,,,,,,1,,0
Middle,988,399,0,0,0,,,,,,,,,,,1,,0
Middle,989,400,0,0,0,,,,,,,,,,,1,,0
Middle,990,401,0,0,0,,,,,,,,,,,1,,0
Middle,991,402,0,0,0,,,,,,,,,,,1,,0
Middle,992,403,0,0,0,,,,,,,,,,,1,,0
Middle,993,404,0,0,0,,,,,,,,,,,1,,0
Middle,994,405,0,0,0,,,,,,,,,,,1,,0
Middle,995,406,0,0,0,,,,,,,,,,,1,,0
Middle,996,407,0,0,0,,,,,,,,,,,1,,0
Middle,997,408,0,0,0,,,,,,,,,,,1,,0
Middle,998,409,0,0,0,,,,,,,,,,,1,,0
Middle,999,410,0,0,0,,,,,,,,,,,1,,0
Middle,1000,411,0,0,0,,,,,,,,,,,1,,0
Middle,1001,412,0,0,0,,,,,,,,,,,1,,0
Middle,1002,413,0,0,0,,,,,,,,,,,1,,0
Middle,1003,414,0,0,0,,,,,,,,,,,1,,0
Middle,1004,415,0,0,0,,,,,,,,,,,1,,0
Middle,1005,416,0,0,0,,,,,,,,,,,1,,0
Middle,1006,417,0,0,0,,,,,,,,,,,1,,0
Middle,1007,418,0,0,0,,,,,,,,,,,1,,0
Middle,1008,419,0,0,0,,,,,,,,,,,1,,0
Middle,1009,420,0,0,0,,,,,,,,,,,1,,0
Middle,1010,421,0,0,0,,,,,,,,,,,1,,0
Middle,1011,422,0,0,0,,,,,,,,,,,1,,0
Middle,1012,423,0,0,0,,,,,,,,,,,1,,0
Middle,1013,424,0,0,0,,,,,,,,,,,1,,0
Middle,1014,425,0,0,0,,,,,,,,,,,1,,0
Middle,1015,426,0,0,0,,,,,,,,,,,1,,0
Middle,1016,427,0,0,0,,,,,,,,,,,1,,0
Middle,1017,428,0,0,0,,,,,,,,,,,1,,0
Middle,1018,429,0,0,0,,,,,,,,,,,1,,0
Middle,1019,430,0,0,0,,,,,,,,,,,1,,0
Middle,1020,431,0,0,0,,,,,,,,,,,1,,0
Middle,1021,432,0,0,0,,,,,,,,,,,1,,0
Middle,1022,433,0,0,0,,,,,,,,,,,1,,0
High,1023,1,0,0,0,,,,,,,,,,,1,,0
High,1024,2,0,0,0,,,,,,,,,,,1,,0
High,1025,3,0,0,0,,,,,,,,,,,1,,0
High,1026,4,0,0.11,0.4,,,,,,,,,,,1,,0
High,1027,5,0.8,0.5,1.8,,,,,,,,,,,1,,0.222222222
High,1028,6,3.6,1.08,3.9,,,,,,,,,,,0,3.6,1
High,1029,7,8.6,1.53,5.5,,,,,,,,,,,0,8.6,2.388888889
High,1030,8,14.6,1.58,5.7,,,,,,,,,,,0,14.6,4.055555556
High,1031,9,20,1.36,4.9,,,,,,,,,,,0,20,5.555555556
High,1032,10,24.4,1.14,4.1,,,,,,,,,,,0,24.4,6.777777778
High,1033,11,28.2,1.01,3.65,,,,,,,,,,,0,28.2,7.833333333
High,1034,12,31.7,0.94,3.4,,,,,,,,,,,0,31.7,8.805555556
High,1035,13,35,0.82,2.95,,,,,,,,,,,0,35,9.722222222
High,1036,14,37.6,0.65,2.35,,,,,,,,,,,0,37.6,10.44444444
High,1037,15,39.7,0.54,1.95,,,,,,,,,,,0,39.7,11.02777778
High,1038,16,41.5,0.54,1.95,,,,,,,,,,,0,41.5,11.52777778
High,1039,17,43.6,0.63,2.25,,,,,,,,,,,0,43.6,12.11111111
High,1040,18,46,0.67,2.4,,,,,,,,,,,0,46,12.77777778
High,1041,19,48.4,0.63,2.25,,,,,,,,,,,0,48.4,13.44444444
High,1042,20,50.5,0.49,1.75,,,,,,,,,,,0,50.5,14.02777778
High,1043,21,51.9,0.29,1.05,,,,,,,,,,,0,51.9,14.41666667
High,1044,22,52.6,0.13,0.45,,,,,,,,,,,0,52.6,14.61111111
High,1045,23,52.8,0.04,0.15,,,,,,,,,,,0,52.8,14.66666667
High,1046,24,52.9,0.04,0.15,,,,,,,,,,,0,52.9,14.69444444
High,1047,25,53.1,0.06,0.2,,,,,,,,,,,0,53.1,14.75
High,1048,26,53.3,0,0,,,,,,,,,,,0,53.3,14.80555556
High,1049,27,53.1,-0.14,-0.5,,,,,,,,,,,0,53.1,14.75
High,1050,28,52.3,-0.33,-1.2,,,,,,,,,,,0,52.3,14.52777778
High,1051,29,50.7,-0.49,-1.75,,,,,,,,,,,0,50.7,14.08333333
High,1052,30,48.8,-0.58,-2.1,,,,,,,,,,,0,48.8,13.55555556
High,1053,31,46.5,-0.69,-2.5,,,,,,,,,,,0,46.5,12.91666667
High,1054,32,43.8,-0.86,-3.1,,,,,,,,,,,0,43.8,12.16666667
High,1055,33,40.3,-1.08,-3.9,,,,,,,,,,,0,40.3,11.19444444
High,1056,34,36,-1.33,-4.8,,,,,,,,,,,0,36,10
High,1057,35,30.7,-1.47,-5.3,,,,,,,,,,,0,30.7,8.527777778
High,1058,36,25.4,-1.35,-4.85,,,,,,,,,,,0,25.4,7.055555556
High,1059,37,21,-1.21,-4.35,,,,,,,,,,,0,21,5.833333333
High,1060,38,16.7,-1.06,-3.8,,,,,,,,,,,0,16.7,4.638888889
High,1061,39,13.4,-0.65,-2.35,,,,,,,,,,,0,13.4,3.722222222
High,1062,40,12,-0.18,-0.65,,,,,,,,,,,0,12,3.333333333
High,1063,41,12.1,0.11,0.4,,,,,,,,,,,0,12.1,3.361111111
High,1064,42,12.8,0.49,1.75,,,,,,,,,,,0,12.8,3.555555556
High,1065,43,15.6,0.99,3.55,,,,,,,,,,,0,15.6,4.333333333
High,1066,44,19.9,1.08,3.9,,,,,,,,,,,0,19.9,5.527777778
High,1067,45,23.4,0.65,2.35,,,,,,,,,,,0,23.4,6.5
High,1068,46,24.6,0.25,0.9,,,,,,,,,,,0,24.6,6.833333333
High,1069,47,25.2,0.25,0.9,,,,,,,,,,,0,25.2,7
High,1070,48,26.4,0.5,1.8,,,,,,,,,,,0,26.4,7.333333333
High,1071,49,28.8,0.75,2.7,,,,,,,,,,,0,28.8,8
High,1072,50,31.8,0.9,3.25,,,,,,,,,,,0,31.8,8.833333333
High,1073,51,35.3,1.07,3.85,,,,,,,,,,,0,35.3,9.805555556
High,1074,52,39.5,1.28,4.6,,,,,,,,,,,0,39.5,10.97222222
High,1075,53,44.5,1.36,4.9,,,,,,,,,,,0,44.5,12.36111111
High,1076,54,49.3,1.22,4.4,,,,,,,,,,,0,49.3,13.69444444
High,1077,55,53.3,0.99,3.55,,,,,,,,,,,0,53.3,14.80555556
High,1078,56,56.4,0.78,2.8,,,,,,,,,,,0,56.4,15.66666667
High,1079,57,58.9,0.67,2.4,,,,,,,,,,,0,58.9,16.36111111
High,1080,58,61.2,0.51,1.85,,,,,,,,,,,0,61.2,17
High,1081,59,62.6,0.25,0.9,,,,,,,,,,,0,62.6,17.38888889
High,1082,60,63,-0.01,-0.05,,,,,,,,,,,0,63,17.5
High,1083,61,62.5,-0.29,-1.05,,,,,,,,,,,0,62.5,17.36111111
High,1084,62,60.9,-0.44,-1.6,,,,,,,,,,,0,60.9,16.91666667
High,1085,63,59.3,-0.32,-1.15,,,,,,,,,,,0,59.3,16.47222222
High,1086,64,58.6,-0.1,-0.35,,,,,,,,,,,0,58.6,16.27777778
High,1087,65,58.6,0.01,0.05,,,,,,,,,,,0,58.6,16.27777778
High,1088,66,58.7,0.03,0.1,,,,,,,,,,,0,58.7,16.30555556
High,1089,67,58.8,0.01,0.05,,,,,,,,,,,0,58.8,16.33333333
High,1090,68,58.8,0,0,,,,,,,,,,,0,58.8,16.33333333
High,1091,69,58.8,0.04,0.15,,,,,,,,,,,0,58.8,16.33333333
High,1092,70,59.1,0.18,0.65,,,,,,,,,,,0,59.1,16.41666667
High,1093,71,60.1,0.36,1.3,,,,,,,,,,,0,60.1,16.69444444
High,1094,72,61.7,0.4,1.45,,,,,,,,,,,0,61.7,17.13888889
High,1095,73,63,0.28,1,,,,,,,,,,,0,63,17.5
High,1096,74,63.7,0.13,0.45,,,,,,,,,,,0,63.7,17.69444444
High,1097,75,63.9,-0.03,-0.1,,,,,,,,,,,0,63.9,17.75
High,1098,76,63.5,-0.22,-0.8,,,,,,,,,,,0,63.5,17.63888889
High,1099,77,62.3,-0.44,-1.6,,,,,,,,,,,0,62.3,17.30555556
High,1100,78,60.3,-0.47,-1.7,,,,,,,,,,,0,60.3,16.75
High,1101,79,58.9,-0.26,-0.95,,,,,,,,,,,0,58.9,16.36111111
High,1102,80,58.4,-0.01,-0.05,,,,,,,,,,,0,58.4,16.22222222
High,1103,81,58.8,0.25,0.9,,,,,,,,,,,0,58.8,16.33333333
High,1104,82,60.2,0.49,1.75,,,,,,,,,,,0,60.2,16.72222222
High,1105,83,62.3,0.51,1.85,,,,,,,,,,,0,62.3,17.30555556
High,1106,84,63.9,0.31,1.1,,,,,,,,,,,0,63.9,17.75
High,1107,85,64.5,0.07,0.25,,,,,,,,,,,0,64.5,17.91666667
High,1108,86,64.4,-0.14,-0.5,,,,,,,,,,,0,64.4,17.88888889
High,1109,87,63.5,-0.33,-1.2,,,,,,,,,,,0,63.5,17.63888889
High,1110,88,62,-0.32,-1.15,,,,,,,,,,,0,62,17.22222222
High,1111,89,61.2,-0.1,-0.35,,,,,,,,,,,0,61.2,17
High,1112,90,61.3,0.19,0.7,,,,,,,,,,,0,61.3,17.02777778
High,1113,91,62.6,0.56,2,,,,,,,,,,,0,62.6,17.38888889
High,1114,92,65.3,0.75,2.7,,,,,,,,,,,0,65.3,18.13888889
High,1115,93,68,0.57,2.05,,,,,,,,,,,0,68,18.88888889
High,1116,94,69.4,0.24,0.85,,,,,,,,,,,0,69.4,19.27777778
High,1117,95,69.7,-0.01,-0.05,,,,,,,,,,,0,69.7,19.36111111
High,1118,96,69.3,-0.22,-0.8,,,,,,,,,,,0,69.3,19.25
High,1119,97,68.1,-0.33,-1.2,,,,,,,,,,,0,68.1,18.91666667
High,1120,98,66.9,-0.26,-0.95,,,,,,,,,,,0,66.9,18.58333333
High,1121,99,66.2,-0.17,-0.6,,,,,,,,,,,0,66.2,18.38888889
High,1122,100,65.7,-0.18,-0.65,,,,,,,,,,,0,65.7,18.25
High,1123,101,64.9,-0.35,-1.25,,,,,,,,,,,0,64.9,18.02777778
High,1124,102,63.2,-0.64,-2.3,,,,,,,,,,,0,63.2,17.55555556
High,1125,103,60.3,-1.03,-3.7,,,,,,,,,,,0,60.3,16.75
High,1126,104,55.8,-1.36,-4.9,,,,,,,,,,,0,55.8,15.5
High,1127,105,50.5,-1.47,-5.3,,,,,,,,,,,0,50.5,14.02777778
High,1128,106,45.2,-1.44,-5.2,,,,,,,,,,,0,45.2,12.55555556
High,1129,107,40.1,-1.25,-4.5,,,,,,,,,,,0,40.1,11.13888889
High,1130,108,36.2,-1,-3.6,,,,,,,,,,,0,36.2,10.05555556
High,1131,109,32.9,-0.89,-3.2,,,,,,,,,,,0,32.9,9.138888889
High,1132,110,29.8,-0.88,-3.15,,,,,,,,,,,0,29.8,8.277777778
High,1133,111,26.6,-0.94,-3.4,,,,,,,,,,,0,26.6,7.388888889
High,1134,112,23,-1,-3.6,,,,,,,,,,,0,23,6.388888889
High,1135,113,19.4,-0.93,-3.35,,,,,,,,,,,0,19.4,5.388888889
High,1136,114,16.3,-0.67,-2.4,,,,,,,,,,,0,16.3,4.527777778
High,1137,115,14.6,-0.29,-1.05,,,,,,,,,,,0,14.6,4.055555556
High,1138,116,14.2,-0.04,-0.15,,,,,,,,,,,0,14.2,3.944444444
High,1139,117,14.3,0.06,0.2,,,,,,,,,,,0,14.3,3.972222222
High,1140,118,14.6,0.11,0.4,,,,,,,,,,,0,14.6,4.055555556
High,1141,119,15.1,0.25,0.9,,,,,,,,,,,0,15.1,4.194444444
High,1142,120,16.4,0.56,2,,,,,,,,,,,0,16.4,4.555555556
High,1143,121,19.1,0.85,3.05,,,,,,,,,,,0,19.1,5.305555556
High,1144,122,22.5,0.74,2.65,,,,,,,,,,,0,22.5,6.25
High,1145,123,24.4,0.32,1.15,,,,,,,,,,,0,24.4,6.777777778
High,1146,124,24.8,-0.24,-0.85,,,,,,,,,,,0,24.8,6.888888889
High,1147,125,22.7,-1.03,-3.7,,,,,,,,,,,0,22.7,6.305555556
High,1148,126,17.4,-1.24,-4.45,,,,,,,,,,,0,17.4,4.833333333
High,1149,127,13.8,-0.75,-2.7,,,,,,,,,,,0,13.8,3.833333333
High,1150,128,12,-0.25,-0.9,,,,,,,,,,,0,12,3.333333333
High,1151,129,12,0,0,,,,,,,,,,,0,12,3.333333333
High,1152,130,12,0.26,0.95,,,,,,,,,,,0,12,3.333333333
High,1153,131,13.9,0.94,3.4,,,,,,,,,,,0,13.9,3.861111111
High,1154,132,18.8,1.56,5.6,,,,,,,,,,,0,18.8,5.222222222
High,1155,133,25.1,1.53,5.5,,,,,,,,,,,0,25.1,6.972222222
High,1156,134,29.8,1.21,4.35,,,,,,,,,,,0,29.8,8.277777778
High,1157,135,33.8,1.17,4.2,,,,,,,,,,,0,33.8,9.388888889
High,1158,136,38.2,1.33,4.8,,,,,,,,,,,0,38.2,10.61111111
High,1159,137,43.4,1.49,5.35,,,,,,,,,,,0,43.4,12.05555556
High,1160,138,48.9,1.44,5.2,,,,,,,,,,,0,48.9,13.58333333
High,1161,139,53.8,1.24,4.45,,,,,,,,,,,0,53.8,14.94444444
High,1162,140,57.8,1.07,3.85,,,,,,,,,,,0,57.8,16.05555556
High,1163,141,61.5,1,3.6,,,,,,,,,,,0,61.5,17.08333333
High,1164,142,65,0.96,3.45,,,,,,,,,,,0,65,18.05555556
High,1165,143,68.4,0.92,3.3,,,,,,,,,,,0,68.4,19
High,1166,144,71.6,0.64,2.3,,,,,,,,,,,0,71.6,19.88888889
High,1167,145,73,0.38,1.35,,,,,,,,,,,0,73,20.27777778
High,1168,146,74.3,0.44,1.6,,,,,,,,,,,0,74.3,20.63888889
High,1169,147,76.2,0.5,1.8,,,,,,,,,,,0,76.2,21.16666667
High,1170,148,77.9,0.46,1.65,,,,,,,,,,,0,77.9,21.63888889
High,1171,149,79.5,0.43,1.55,,,,,,,,,,,0,79.5,22.08333333
High,1172,150,81,0.39,1.4,,,,,,,,,,,0,81,22.5
High,1173,151,82.3,0.35,1.25,,,,,,,,,,,0,82.3,22.86111111
High,1174,152,83.5,0.32,1.15,,,,,,,,,,,0,83.5,23.19444444
High,1175,153,84.6,0.28,1,,,,,,,,,,,0,84.6,23.5
High,1176,154,85.5,0.24,0.85,,,,,,,,,,,0,85.5,23.75
High,1177,155,86.3,0.22,0.8,,,,,,,,,,,0,86.3,23.97222222
High,1178,156,87.1,0.25,0.9,,,,,,,,,,,0,87.1,24.19444444
High,1179,157,88.1,0.28,1,,,,,,,,,,,0,88.1,24.47222222
High,1180,158,89.1,0.28,1,,,,,,,,,,,0,89.1,24.75
High,1181,159,90.1,0.26,0.95,,,,,,,,,,,0,90.1,25.02777778
High,1182,160,91,0.22,0.8,,,,,,,,,,,0,91,25.27777778
High,1183,161,91.7,0.18,0.65,,,,,,,,,,,0,91.7,25.47222222
High,1184,162,92.3,0.15,0.55,,,,,,,,,,,0,92.3,25.63888889
High,1185,163,92.8,0.11,0.4,,,,,,,,,,,0,92.8,25.77777778
High,1186,164,93.1,0.04,0.15,,,,,,,,,,,0,93.1,25.86111111
High,1187,165,93.1,0,0,,,,,,,,,,,0,93.1,25.86111111
High,1188,166,93.1,0,0,,,,,,,,,,,0,93.1,25.86111111
High,1189,167,93.1,0,0,,,,,,,,,,,0,93.1,25.86111111
High,1190,168,93.1,0,0,,,,,,,,,,,0,93.1,25.86111111
High,1191,169,93.1,0,0,,,,,,,,,,,0,93.1,25.86111111
High,1192,170,93.1,0,0,,,,,,,,,,,0,93.1,25.86111111
High,1193,171,93.1,0,0,,,,,,,,,,,0,93.1,25.86111111
High,1194,172,93.1,0,0,,,,,,,,,,,0,93.1,25.86111111
High,1195,173,93.1,0.01,0.05,,,,,,,,,,,0,93.1,25.86111111
High,1196,174,93.2,0.01,0.05,,,,,,,,,,,0,93.2,25.88888889
High,1197,175,93.2,0.01,0.05,,,,,,,,,,,0,93.2,25.88888889
High,1198,176,93.3,0.07,0.25,,,,,,,,,,,0,93.3,25.91666667
High,1199,177,93.7,0.13,0.45,,,,,,,,,,,0,93.7,26.02777778
High,1200,178,94.2,0.18,0.65,,,,,,,,,,,0,94.2,26.16666667
High,1201,179,95,0.22,0.8,,,,,,,,,,,0,95,26.38888889
High,1202,180,95.8,0.19,0.7,,,,,,,,,,,0,95.8,26.61111111
High,1203,181,96.4,0.14,0.5,,,,,,,,,,,0,96.4,26.77777778
High,1204,182,96.8,0.08,0.3,,,,,,,,,,,0,96.8,26.88888889
High,1205,183,97,0.04,0.15,,,,,,,,,,,0,97,26.94444444
High,1206,184,97.1,0.03,0.1,,,,,,,,,,,0,97.1,26.97222222
High,1207,185,97.2,0.03,0.1,,,,,,,,,,,0,97.2,27
High,1208,186,97.3,0.03,0.1,,,,,,,,,,,0,97.3,27.02777778
High,1209,187,97.4,0.01,0.05,,,,,,,,,,,0,97.4,27.05555556
High,1210,188,97.4,0,0,,,,,,,,,,,0,97.4,27.05555556
High,1211,189,97.4,0,0,,,,,,,,,,,0,97.4,27.05555556
High,1212,190,97.4,-0.01,-0.05,,,,,,,,,,,0,97.4,27.05555556
High,1213,191,97.3,-0.01,-0.05,,,,,,,,,,,0,97.3,27.02777778
High,1214,192,97.3,0,0,,,,,,,,,,,0,97.3,27.02777778
High,1215,193,97.3,0,0,,,,,,,,,,,0,97.3,27.02777778
High,1216,194,97.3,-0.01,-0.05,,,,,,,,,,,0,97.3,27.02777778
High,1217,195,97.2,-0.03,-0.1,,,,,,,,,,,0,97.2,27
High,1218,196,97.1,-0.03,-0.1,,,,,,,,,,,0,97.1,26.97222222
High,1219,197,97,-0.03,-0.1,,,,,,,,,,,0,97,26.94444444
High,1220,198,96.9,-0.04,-0.15,,,,,,,,,,,0,96.9,26.91666667
High,1221,199,96.7,-0.07,-0.25,,,,,,,,,,,0,96.7,26.86111111
High,1222,200,96.4,-0.08,-0.3,,,,,,,,,,,0,96.4,26.77777778
High,1223,201,96.1,-0.1,-0.35,,,,,,,,,,,0,96.1,26.69444444
High,1224,202,95.7,-0.08,-0.3,,,,,,,,,,,0,95.7,26.58333333
High,1225,203,95.5,-0.06,-0.2,,,,,,,,,,,0,95.5,26.52777778
High,1226,204,95.3,-0.04,-0.15,,,,,,,,,,,0,95.3,26.47222222
High,1227,205,95.2,-0.04,-0.15,,,,,,,,,,,0,95.2,26.44444444
High,1228,206,95,-0.04,-0.15,,,,,,,,,,,0,95,26.38888889
High,1229,207,94.9,-0.04,-0.15,,,,,,,,,,,0,94.9,26.36111111
High,1230,208,94.7,-0.06,-0.2,,,,,,,,,,,0,94.7,26.30555556
High,1231,209,94.5,-0.04,-0.15,,,,,,,,,,,0,94.5,26.25
High,1232,210,94.4,-0.01,-0.05,,,,,,,,,,,0,94.4,26.22222222
High,1233,211,94.4,-0.01,-0.05,,,,,,,,,,,0,94.4,26.22222222
High,1234,212,94.3,-0.01,-0.05,,,,,,,,,,,0,94.3,26.19444444
High,1235,213,94.3,-0.03,-0.1,,,,,,,,,,,0,94.3,26.19444444
High,1236,214,94.1,-0.06,-0.2,,,,,,,,,,,0,94.1,26.13888889
High,1237,215,93.9,-0.1,-0.35,,,,,,,,,,,0,93.9,26.08333333
High,1238,216,93.4,-0.15,-0.55,,,,,,,,,,,0,93.4,25.94444444
High,1239,217,92.8,-0.19,-0.7,,,,,,,,,,,0,92.8,25.77777778
High,1240,218,92,-0.21,-0.75,,,,,,,,,,,0,92,25.55555556
High,1241,219,91.3,-0.19,-0.7,,,,,,,,,,,0,91.3,25.36111111
High,1242,220,90.6,-0.18,-0.65,,,,,,,,,,,0,90.6,25.16666667
High,1243,221,90,-0.18,-0.65,,,,,,,,,,,0,90,25
High,1244,222,89.3,-0.18,-0.65,,,,,,,,,,,0,89.3,24.80555556
High,1245,223,88.7,-0.17,-0.6,,,,,,,,,,,0,88.7,24.63888889
High,1246,224,88.1,-0.18,-0.65,,,,,,,,,,,0,88.1,24.47222222
High,1247,225,87.4,-0.19,-0.7,,,,,,,,,,,0,87.4,24.27777778
High,1248,226,86.7,-0.19,-0.7,,,,,,,,,,,0,86.7,24.08333333
High,1249,227,86,-0.19,-0.7,,,,,,,,,,,0,86,23.88888889
High,1250,228,85.3,-0.18,-0.65,,,,,,,,,,,0,85.3,23.69444444
High,1251,229,84.7,-0.17,-0.6,,,,,,,,,,,0,84.7,23.52777778
High,1252,230,84.1,-0.17,-0.6,,,,,,,,,,,0,84.1,23.36111111
High,1253,231,83.5,-0.17,-0.6,,,,,,,,,,,0,83.5,23.19444444
High,1254,232,82.9,-0.17,-0.6,,,,,,,,,,,0,82.9,23.02777778
High,1255,233,82.3,-0.17,-0.6,,,,,,,,,,,0,82.3,22.86111111
High,1256,234,81.7,-0.17,-0.6,,,,,,,,,,,0,81.7,22.69444444
High,1257,235,81.1,-0.17,-0.6,,,,,,,,,,,0,81.1,22.52777778
High,1258,236,80.5,-0.17,-0.6,,,,,,,,,,,0,80.5,22.36111111
High,1259,237,79.9,-0.15,-0.55,,,,,,,,,,,0,79.9,22.19444444
High,1260,238,79.4,-0.13,-0.45,,,,,,,,,,,0,79.4,22.05555556
High,1261,239,79,-0.1,-0.35,,,,,,,,,,,0,79,21.94444444
High,1262,240,78.7,-0.04,-0.15,,,,,,,,,,,0,78.7,21.86111111
High,1263,241,78.7,0.01,0.05,,,,,,,,,,,0,78.7,21.86111111
High,1264,242,78.8,0.06,0.2,,,,,,,,,,,0,78.8,21.88888889
High,1265,243,79.1,0.08,0.3,,,,,,,,,,,0,79.1,21.97222222
High,1266,244,79.4,0.07,0.25,,,,,,,,,,,0,79.4,22.05555556
High,1267,245,79.6,0.06,0.2,,,,,,,,,,,0,79.6,22.11111111
High,1268,246,79.8,0.03,0.1,,,,,,,,,,,0,79.8,22.16666667
High,1269,247,79.8,-0.03,-0.1,,,,,,,,,,,0,79.8,22.16666667
High,1270,248,79.6,-0.07,-0.25,,,,,,,,,,,0,79.6,22.11111111
High,1271,249,79.3,-0.1,-0.35,,,,,,,,,,,0,79.3,22.02777778
High,1272,250,78.9,-0.11,-0.4,,,,,,,,,,,0,78.9,21.91666667
High,1273,251,78.5,-0.1,-0.35,,,,,,,,,,,0,78.5,21.80555556
High,1274,252,78.2,-0.08,-0.3,,,,,,,,,,,0,78.2,21.72222222
High,1275,253,77.9,-0.07,-0.25,,,,,,,,,,,0,77.9,21.63888889
High,1276,254,77.7,-0.03,-0.1,,,,,,,,,,,0,77.7,21.58333333
High,1277,255,77.7,0.01,0.05,,,,,,,,,,,0,77.7,21.58333333
High,1278,256,77.8,0.03,0.1,,,,,,,,,,,0,77.8,21.61111111
High,1279,257,77.9,0.04,0.15,,,,,,,,,,,0,77.9,21.63888889
High,1280,258,78.1,0.06,0.2,,,,,,,,,,,0,78.1,21.69444444
High,1281,259,78.3,0.03,0.1,,,,,,,,,,,0,78.3,21.75
High,1282,260,78.3,0.01,0.05,,,,,,,,,,,0,78.3,21.75
High,1283,261,78.4,0.01,0.05,,,,,,,,,,,0,78.4,21.77777778
High,1284,262,78.4,0,0,,,,,,,,,,,0,78.4,21.77777778
High,1285,263,78.4,-0.03,-0.1,,,,,,,,,,,0,78.4,21.77777778
High,1286,264,78.2,-0.06,-0.2,,,,,,,,,,,0,78.2,21.72222222
High,1287,265,78,-0.07,-0.25,,,,,,,,,,,0,78,21.66666667
High,1288,266,77.7,-0.1,-0.35,,,,,,,,,,,0,77.7,21.58333333
High,1289,267,77.3,-0.11,-0.4,,,,,,,,,,,0,77.3,21.47222222
High,1290,268,76.9,-0.1,-0.35,,,,,,,,,,,0,76.9,21.36111111
High,1291,269,76.6,-0.1,-0.35,,,,,,,,,,,0,76.6,21.27777778
High,1292,270,76.2,-0.12,-0.45,,,,,,,,,,,0,76.2,21.16666667
High,1293,271,75.7,-0.14,-0.5,,,,,,,,,,,0,75.7,21.02777778
High,1294,272,75.2,-0.14,-0.5,,,,,,,,,,,0,75.2,20.88888889
High,1295,273,74.7,-0.11,-0.4,,,,,,,,,,,0,74.7,20.75
High,1296,274,74.4,-0.06,-0.2,,,,,,,,,,,0,74.4,20.66666667
High,1297,275,74.3,0,0,,,,,,,,,,,0,74.3,20.63888889
High,1298,276,74.4,0.04,0.15,,,,,,,,,,,0,74.4,20.66666667
High,1299,277,74.6,0.07,0.25,,,,,,,,,,,0,74.6,20.72222222
High,1300,278,74.9,0.07,0.25,,,,,,,,,,,0,74.9,20.80555556
High,1301,279,75.1,0.06,0.2,,,,,,,,,,,0,75.1,20.86111111
High,1302,280,75.3,0.06,0.2,,,,,,,,,,,0,75.3,20.91666667
High,1303,281,75.5,0.07,0.25,,,,,,,,,,,0,75.5,20.97222222
High,1304,282,75.8,0.06,0.2,,,,,,,,,,,0,75.8,21.05555556
High,1305,283,75.9,0.03,0.1,,,,,,,,,,,0,75.9,21.08333333
High,1306,284,76,0.01,0.05,,,,,,,,,,,0,76,21.11111111
High,1307,285,76,0,0,,,,,,,,,,,0,76,21.11111111
High,1308,286,76,-0.01,-0.05,,,,,,,,,,,0,76,21.11111111
High,1309,287,75.9,-0.01,-0.05,,,,,,,,,,,0,75.9,21.08333333
High,1310,288,75.9,-0.01,-0.05,,,,,,,,,,,0,75.9,21.08333333
High,1311,289,75.8,-0.03,-0.1,,,,,,,,,,,0,75.8,21.05555556
High,1312,290,75.7,-0.04,-0.15,,,,,,,,,,,0,75.7,21.02777778
High,1313,291,75.5,-0.07,-0.25,,,,,,,,,,,0,75.5,20.97222222
High,1314,292,75.2,-0.07,-0.25,,,,,,,,,,,0,75.2,20.88888889
High,1315,293,75,-0.07,-0.25,,,,,,,,,,,0,75,20.83333333
High,1316,294,74.7,-0.13,-0.45,,,,,,,,,,,0,74.7,20.75
High,1317,295,74.1,-0.14,-0.5,,,,,,,,,,,0,74.1,20.58333333
High,1318,296,73.7,-0.11,-0.4,,,,,,,,,,,0,73.7,20.47222222
High,1319,297,73.3,-0.03,-0.1,,,,,,,,,,,0,73.3,20.36111111
High,1320,298,73.5,0.1,0.35,,,,,,,,,,,0,73.5,20.41666667
High,1321,299,74,0.19,0.7,,,,,,,,,,,0,74,20.55555556
High,1322,300,74.9,0.29,1.05,,,,,,,,,,,0,74.9,20.80555556
High,1323,301,76.1,0.39,1.4,,,,,,,,,,,0,76.1,21.13888889
High,1324,302,77.7,0.43,1.55,,,,,,,,,,,0,77.7,21.58333333
High,1325,303,79.2,0.36,1.3,,,,,,,,,,,0,79.2,22
High,1326,304,80.3,0.22,0.8,,,,,,,,,,,0,80.3,22.30555556
High,1327,305,80.8,0.1,0.35,,,,,,,,,,,0,80.8,22.44444444
High,1328,306,81,0.03,0.1,,,,,,,,,,,0,81,22.5
High,1329,307,81,0,0,,,,,,,,,,,0,81,22.5
High,1330,308,81,0,0,,,,,,,,,,,0,81,22.5
High,1331,309,81,0,0,,,,,,,,,,,0,81,22.5
High,1332,310,81,-0.01,-0.05,,,,,,,,,,,0,81,22.5
High,1333,311,80.9,-0.06,-0.2,,,,,,,,,,,0,80.9,22.47222222
High,1334,312,80.6,-0.08,-0.3,,,,,,,,,,,0,80.6,22.38888889
High,1335,313,80.3,-0.08,-0.3,,,,,,,,,,,0,80.3,22.30555556
High,1336,314,80,-0.06,-0.2,,,,,,,,,,,0,80,22.22222222
High,1337,315,79.9,-0.03,-0.1,,,,,,,,,,,0,79.9,22.19444444
High,1338,316,79.8,-0.01,-0.05,,,,,,,,,,,0,79.8,22.16666667
High,1339,317,79.8,0,0,,,,,,,,,,,0,79.8,22.16666667
High,1340,318,79.8,0.01,0.05,,,,,,,,,,,0,79.8,22.16666667
High,1341,319,79.9,0.03,0.1,,,,,,,,,,,0,79.9,22.19444444
High,1342,320,80,0.07,0.25,,,,,,,,,,,0,80,22.22222222
High,1343,321,80.4,0.11,0.4,,,,,,,,,,,0,80.4,22.33333333
High,1344,322,80.8,0.11,0.4,,,,,,,,,,,0,80.8,22.44444444
High,1345,323,81.2,0.1,0.35,,,,,,,,,,,0,81.2,22.55555556
High,1346,324,81.5,0.06,0.2,,,,,,,,,,,0,81.5,22.63888889
High,1347,325,81.6,0.01,0.05,,,,,,,,,,,0,81.6,22.66666667
High,1348,326,81.6,-0.03,-0.1,,,,,,,,,,,0,81.6,22.66666667
High,1349,327,81.4,-0.12,-0.45,,,,,,,,,,,0,81.4,22.61111111
High,1350,328,80.7,-0.25,-0.9,,,,,,,,,,,0,80.7,22.41666667
High,1351,329,79.6,-0.35,-1.25,,,,,,,,,,,0,79.6,22.11111111
High,1352,330,78.2,-0.39,-1.4,,,,,,,,,,,0,78.2,21.72222222
High,1353,331,76.8,-0.4,-1.45,,,,,,,,,,,0,76.8,21.33333333
High,1354,332,75.3,-0.42,-1.5,,,,,,,,,,,0,75.3,20.91666667
High,1355,333,73.8,-0.44,-1.6,,,,,,,,,,,0,73.8,20.5
High,1356,334,72.1,-0.5,-1.8,,,,,,,,,,,0,72.1,20.02777778
High,1357,335,70.2,-0.54,-1.95,,,,,,,,,,,0,70.2,19.5
High,1358,336,68.2,-0.57,-2.05,,,,,,,,,,,0,68.2,18.94444444
High,1359,337,66.1,-0.61,-2.2,,,,,,,,,,,0,66.1,18.36111111
High,1360,338,63.8,-0.62,-2.25,,,,,,,,,,,0,63.8,17.72222222
High,1361,339,61.6,-0.5,-1.8,,,,,,,,,,,0,61.6,17.11111111
High,1362,340,60.2,-0.25,-0.9,,,,,,,,,,,0,60.2,16.72222222
High,1363,341,59.8,0.03,0.1,,,,,,,,,,,0,59.8,16.61111111
High,1364,342,60.4,0.28,1,,,,,,,,,,,0,60.4,16.77777778
High,1365,343,61.8,0.31,1.1,,,,,,,,,,,0,61.8,17.16666667
High,1366,344,62.6,0.13,0.45,,,,,,,,,,,0,62.6,17.38888889
High,1367,345,62.7,-0.1,-0.35,,,,,,,,,,,0,62.7,17.41666667
High,1368,346,61.9,-0.38,-1.35,,,,,,,,,,,0,61.9,17.19444444
High,1369,347,60,-0.49,-1.75,,,,,,,,,,,0,60,16.66666667
High,1370,348,58.4,-0.31,-1.1,,,,,,,,,,,0,58.4,16.22222222
High,1371,349,57.8,-0.08,-0.3,,,,,,,,,,,0,57.8,16.05555556
High,1372,350,57.8,0,0,,,,,,,,,,,0,57.8,16.05555556
High,1373,351,57.8,-0.07,-0.25,,,,,,,,,,,0,57.8,16.05555556
High,1374,352,57.3,-0.22,-0.8,,,,,,,,,,,0,57.3,15.91666667
High,1375,353,56.2,-0.42,-1.5,,,,,,,,,,,0,56.2,15.61111111
High,1376,354,54.3,-0.75,-2.7,,,,,,,,,,,0,54.3,15.08333333
High,1377,355,50.8,-1.22,-4.4,,,,,,,,,,,0,50.8,14.11111111
High,1378,356,45.5,-1.47,-5.3,,,,,,,,,,,0,45.5,12.63888889
High,1379,357,40.2,-1.47,-5.3,,,,,,,,,,,0,40.2,11.16666667
High,1380,358,34.9,-1.47,-5.3,,,,,,,,,,,0,34.9,9.694444444
High,1381,359,29.6,-1.06,-3.8,,,,,,,,,,,0,29.6,8.222222222
High,1382,360,27.3,-0.04,-0.15,,,,,,,,,,,0,27.3,7.583333333
High,1383,361,29.3,0.78,2.8,,,,,,,,,,,0,29.3,8.138888889
High,1384,362,32.9,0.88,3.15,,,,,,,,,,,0,32.9,9.138888889
High,1385,363,35.6,0.53,1.9,,,,,,,,,,,0,35.6,9.888888889
High,1386,364,36.7,0.28,1,,,,,,,,,,,0,36.7,10.19444444
High,1387,365,37.6,0.37,1.35,,,,,,,,,,,0,37.6,10.44444444
High,1388,366,39.4,0.68,2.45,,,,,,,,,,,0,39.4,10.94444444
High,1389,367,42.5,0.99,3.55,,,,,,,,,,,0,42.5,11.80555556
High,1390,368,46.5,1.07,3.85,,,,,,,,,,,0,46.5,12.91666667
High,1391,369,50.2,0.88,3.15,,,,,,,,,,,0,50.2,13.94444444
High,1392,370,52.8,0.57,2.05,,,,,,,,,,,0,52.8,14.66666667
High,1393,371,54.3,0.29,1.05,,,,,,,,,,,0,54.3,15.08333333
High,1394,372,54.9,0.08,0.3,,,,,,,,,,,0,54.9,15.25
High,1395,373,54.9,-0.03,-0.1,,,,,,,,,,,0,54.9,15.25
High,1396,374,54.7,-0.11,-0.4,,,,,,,,,,,0,54.7,15.19444444
High,1397,375,54.1,-0.21,-0.75,,,,,,,,,,,0,54.1,15.02777778
High,1398,376,53.2,-0.28,-1,,,,,,,,,,,0,53.2,14.77777778
High,1399,377,52.1,-0.35,-1.25,,,,,,,,,,,0,52.1,14.47222222
High,1400,378,50.7,-0.42,-1.5,,,,,,,,,,,0,50.7,14.08333333
High,1401,379,49.1,-0.46,-1.65,,,,,,,,,,,0,49.1,13.63888889
High,1402,380,47.4,-0.54,-1.95,,,,,,,,,,,0,47.4,13.16666667
High,1403,381,45.2,-0.78,-2.8,,,,,,,,,,,0,45.2,12.55555556
High,1404,382,41.8,-1.21,-4.35,,,,,,,,,,,0,41.8,11.61111111
High,1405,383,36.5,-1.47,-5.3,,,,,,,,,,,0,36.5,10.13888889
High,1406,384,31.2,-1.24,-4.45,,,,,,,,,,,0,31.2,8.666666667
High,1407,385,27.6,-0.6,-2.15,,,,,,,,,,,0,27.6,7.666666667
High,1408,386,26.9,-0.04,-0.15,,,,,,,,,,,0,26.9,7.472222222
High,1409,387,27.3,0.08,0.3,,,,,,,,,,,0,27.3,7.583333333
High,1410,388,27.5,0.01,0.05,,,,,,,,,,,0,27.5,7.638888889
High,1411,389,27.4,-0.06,-0.2,,,,,,,,,,,0,27.4,7.611111111
High,1412,390,27.1,-0.1,-0.35,,,,,,,,,,,0,27.1,7.527777778
High,1413,391,26.7,-0.04,-0.15,,,,,,,,,,,0,26.7,7.416666667
High,1414,392,26.8,0.21,0.75,,,,,,,,,,,0,26.8,7.444444444
High,1415,393,28.2,0.6,2.15,,,,,,,,,,,0,28.2,7.833333333
High,1416,394,31.1,0.92,3.3,,,,,,,,,,,0,31.1,8.638888889
High,1417,395,34.8,1.01,3.65,,,,,,,,,,,0,34.8,9.666666667
High,1418,396,38.4,0.85,3.05,,,,,,,,,,,0,38.4,10.66666667
High,1419,397,40.9,0.46,1.65,,,,,,,,,,,0,40.9,11.36111111
High,1420,398,41.7,0,0,,,,,,,,,,,0,41.7,11.58333333
High,1421,399,40.9,-0.47,-1.7,,,,,,,,,,,0,40.9,11.36111111
High,1422,400,38.3,-0.78,-2.8,,,,,,,,,,,0,38.3,10.63888889
High,1423,401,35.3,-0.56,-2,,,,,,,,,,,0,35.3,9.805555556
High,1424,402,34.3,-0.1,-0.35,,,,,,,,,,,0,34.3,9.527777778
High,1425,403,34.6,0.28,1,,,,,,,,,,,0,34.6,9.611111111
High,1426,404,36.3,0.68,2.45,,,,,,,,,,,0,36.3,10.08333333
High,1427,405,39.5,0.76,2.75,,,,,,,,,,,0,39.5,10.97222222
High,1428,406,41.8,0.42,1.5,,,,,,,,,,,0,41.8,11.61111111
High,1429,407,42.5,0.01,0.05,,,,,,,,,,,0,42.5,11.80555556
High,1430,408,41.9,-0.33,-1.2,,,,,,,,,,,0,41.9,11.63888889
High,1431,409,40.1,-0.74,-2.65,,,,,,,,,,,0,40.1,11.13888889
High,1432,410,36.6,-1.22,-4.4,,,,,,,,,,,0,36.6,10.16666667
High,1433,411,31.3,-1.47,-5.3,,,,,,,,,,,0,31.3,8.694444444
High,1434,412,26,-1.49,-5.35,,,,,,,,,,,0,26,7.222222222
High,1435,413,20.6,-0.96,-3.45,,,,,,,,,,,0,20.6,5.722222222
High,1436,414,19.1,-0.13,-0.45,,,,,,,,,,,0,19.1,5.305555556
High,1437,415,19.7,0.28,1,,,,,,,,,,,0,19.7,5.472222222
High,1438,416,21.1,0.32,1.15,,,,,,,,,,,0,21.1,5.861111111
High,1439,417,22,0.14,0.5,,,,,,,,,,,0,22,6.111111111
High,1440,418,22.1,-0.08,-0.3,,,,,,,,,,,0,22.1,6.138888889
High,1441,419,21.4,-0.35,-1.25,,,,,,,,,,,0,21.4,5.944444444
High,1442,420,19.6,-0.43,-1.55,,,,,,,,,,,0,19.6,5.444444444
High,1443,421,18.3,-0.22,-0.8,,,,,,,,,,,0,18.3,5.083333333
High,1444,422,18,0,0,,,,,,,,,,,0,18,5
High,1445,423,18.3,0.07,0.25,,,,,,,,,,,0,18.3,5.083333333
High,1446,424,18.5,-0.06,-0.2,,,,,,,,,,,0,18.5,5.138888889
High,1447,425,17.9,-0.49,-1.75,,,,,,,,,,,0,17.9,4.972222222
High,1448,426,15,-1.11,-4,,,,,,,,,,,0,15,4.166666667
High,1449,427,9.9,-1.44,-5.2,,,,,,,,,,,0,9.9,2.75
High,1450,428,4.6,-1.21,-4.35,,,,,,,,,,,0,4.6,1.277777778
High,1451,429,1.2,-0.64,-2.3,,,,,,,,,,,0,1.2,0.333333333
High,1452,430,0,-0.17,-0.6,,,,,,,,,,,1,,0
High,1453,431,0,0,0,,,,,,,,,,,1,,0
High,1454,432,0,0,0,,,,,,,,,,,1,,0
High,1455,433,0,0,0,,,,,,,,,,,1,,0
High,1456,434,0,0,0,,,,,,,,,,,1,,0
High,1457,435,0,0,0,,,,,,,,,,,1,,0
High,1458,436,0,0,0,,,,,,,,,,,1,,0
High,1459,437,0,0,0,,,,,,,,,,,1,,0
High,1460,438,0,0,0,,,,,,,,,,,1,,0
High,1461,439,0,0,0,,,,,,,,,,,1,,0
High,1462,440,0,0,0,,,,,,,,,,,1,,0
High,1463,441,0,0,0,,,,,,,,,,,1,,0
High,1464,442,0,0,0,,,,,,,,,,,1,,0
High,1465,443,0,0,0,,,,,,,,,,,1,,0
High,1466,444,0,0,0,,,,,,,,,,,1,,0
High,1467,445,0,0,0,,,,,,,,,,,1,,0
High,1468,446,0,0,0,,,,,,,,,,,1,,0
High,1469,447,0,0,0,,,,,,,,,,,1,,0
High,1470,448,0,0,0,,,,,,,,,,,1,,0
High,1471,449,0,0,0,,,,,,,,,,,1,,0
High,1472,450,0,0,0,,,,,,,,,,,1,,0
High,1473,451,0,0,0,,,,,,,,,,,1,,0
High,1474,452,0,0,0,,,,,,,,,,,1,,0
High,1475,453,0,0,0,,,,,,,,,,,1,,0
High,1476,454,0,0,0,,,,,,,,,,,1,,0
High,1477,455,0,0,0,,,,,,,,,,,1,,0
Extra-high,1478,1,0,0.31,1.1,,,,,,,,,,,1,,0
Extra-high,1479,2,2.2,0.61,2.2,,,,,,,,,,,0,2.2,0.611111111
Extra-high,1480,3,4.4,0.57,2.05,,,,,,,,,,,0,4.4,1.222222222
Extra-high,1481,4,6.3,0.49,1.75,,,,,,,,,,,0,6.3,1.75
Extra-high,1482,5,7.9,0.4,1.45,,,,,,,,,,,0,7.9,2.194444444
Extra-high,1483,6,9.2,0.35,1.25,,,,,,,,,,,0,9.2,2.555555556
Extra-high,1484,7,10.4,0.32,1.15,,,,,,,,,,,0,10.4,2.888888889
Extra-high,1485,8,11.5,0.35,1.25,,,,,,,,,,,0,11.5,3.194444444
Extra-high,1486,9,12.9,0.44,1.6,,,,,,,,,,,0,12.9,3.583333333
Extra-high,1487,10,14.7,0.57,2.05,,,,,,,,,,,0,14.7,4.083333333
Extra-high,1488,11,17,0.71,2.55,,,,,,,,,,,0,17,4.722222222
Extra-high,1489,12,19.8,0.85,3.05,,,,,,,,,,,0,19.8,5.5
Extra-high,1490,13,23.1,0.96,3.45,,,,,,,,,,,0,23.1,6.416666667
Extra-high,1491,14,26.7,1.03,3.7,,,,,,,,,,,0,26.7,7.416666667
Extra-high,1492,15,30.5,1.03,3.7,,,,,,,,,,,0,30.5,8.472222222
Extra-high,1493,16,34.1,0.97,3.5,,,,,,,,,,,0,34.1,9.472222222
Extra-high,1494,17,37.5,0.9,3.25,,,,,,,,,,,0,37.5,10.41666667
Extra-high,1495,18,40.6,0.81,2.9,,,,,,,,,,,0,40.6,11.27777778
Extra-high,1496,19,43.3,0.71,2.55,,,,,,,,,,,0,43.3,12.02777778
Extra-high,1497,20,45.7,0.61,2.2,,,,,,,,,,,0,45.7,12.69444444
Extra-high,1498,21,47.7,0.5,1.8,,,,,,,,,,,0,47.7,13.25
Extra-high,1499,22,49.3,0.39,1.4,,,,,,,,,,,0,49.3,13.69444444
Extra-high,1500,23,50.5,0.28,1,,,,,,,,,,,0,50.5,14.02777778
Extra-high,1501,24,51.3,0.22,0.8,,,,,,,,,,,0,51.3,14.25
Extra-high,1502,25,52.1,0.19,0.7,,,,,,,,,,,0,52.1,14.47222222
Extra-high,1503,26,52.7,0.18,0.65,,,,,,,,,,,0,52.7,14.63888889
Extra-high,1504,27,53.4,0.18,0.65,,,,,,,,,,,0,53.4,14.83333333
Extra-high,1505,28,54,0.15,0.55,,,,,,,,,,,0,54,15
Extra-high,1506,29,54.5,0.14,0.5,,,,,,,,,,,0,54.5,15.13888889
Extra-high,1507,30,55,0.15,0.55,,,,,,,,,,,0,55,15.27777778
Extra-high,1508,31,55.6,0.18,0.65,,,,,,,,,,,0,55.6,15.44444444
Extra-high,1509,32,56.3,0.22,0.8,,,,,,,,,,,0,56.3,15.63888889
Extra-high,1510,33,57.2,0.31,1.1,,,,,,,,,,,0,57.2,15.88888889
Extra-high,1511,34,58.5,0.42,1.5,,,,,,,,,,,0,58.5,16.25
Extra-high,1512,35,60.2,0.53,1.9,,,,,,,,,,,0,60.2,16.72222222
Extra-high,1513,36,62.3,0.63,2.25,,,,,,,,,,,0,62.3,17.30555556
Extra-high,1514,37,64.7,0.67,2.4,,,,,,,,,,,0,64.7,17.97222222
Extra-high,1515,38,67.1,0.63,2.25,,,,,,,,,,,0,67.1,18.63888889
Extra-high,1516,39,69.2,0.5,1.8,,,,,,,,,,,0,69.2,19.22222222
Extra-high,1517,40,70.7,0.38,1.35,,,,,,,,,,,0,70.7,19.63888889
Extra-high,1518,41,71.9,0.28,1,,,,,,,,,,,0,71.9,19.97222222
Extra-high,1519,42,72.7,0.21,0.75,,,,,,,,,,,0,72.7,20.19444444
Extra-high,1520,43,73.4,0.15,0.55,,,,,,,,,,,0,73.4,20.38888889
Extra-high,1521,44,73.8,0.1,0.35,,,,,,,,,,,0,73.8,20.5
Extra-high,1522,45,74.1,0.03,0.1,,,,,,,,,,,0,74.1,20.58333333
Extra-high,1523,46,74,-0.07,-0.25,,,,,,,,,,,0,74,20.55555556
Extra-high,1524,47,73.6,-0.21,-0.75,,,,,,,,,,,0,73.6,20.44444444
Extra-high,1525,48,72.5,-0.39,-1.4,,,,,,,,,,,0,72.5,20.13888889
Extra-high,1526,49,70.8,-0.54,-1.95,,,,,,,,,,,0,70.8,19.66666667
Extra-high,1527,50,68.6,-0.64,-2.3,,,,,,,,,,,0,68.6,19.05555556
Extra-high,1528,51,66.2,-0.64,-2.3,,,,,,,,,,,0,66.2,18.38888889
Extra-high,1529,52,64,-0.56,-2,,,,,,,,,,,0,64,17.77777778
Extra-high,1530,53,62.2,-0.43,-1.55,,,,,,,,,,,0,62.2,17.27777778
Extra-high,1531,54,60.9,-0.28,-1,,,,,,,,,,,0,60.9,16.91666667
Extra-high,1532,55,60.2,-0.13,-0.45,,,,,,,,,,,0,60.2,16.72222222
Extra-high,1533,56,60,0.03,0.1,,,,,,,,,,,0,60,16.66666667
Extra-high,1534,57,60.4,0.19,0.7,,,,,,,,,,,0,60.4,16.77777778
Extra-high,1535,58,61.4,0.39,1.4,,,,,,,,,,,0,61.4,17.05555556
Extra-high,1536,59,63.2,0.58,2.1,,,,,,,,,,,0,63.2,17.55555556
Extra-high,1537,60,65.6,0.72,2.6,,,,,,,,,,,0,65.6,18.22222222
Extra-high,1538,61,68.4,0.83,3,,,,,,,,,,,0,68.4,19
Extra-high,1539,62,71.6,0.9,3.25,,,,,,,,,,,0,71.6,19.88888889
Extra-high,1540,63,74.9,0.94,3.4,,,,,,,,,,,0,74.9,20.80555556
Extra-high,1541,64,78.4,0.96,3.45,,,,,,,,,,,0,78.4,21.77777778
Extra-high,1542,65,81.8,0.9,3.25,,,,,,,,,,,0,81.8,22.72222222
Extra-high,1543,66,84.9,0.78,2.8,,,,,,,,,,,0,84.9,23.58333333
Extra-high,1544,67,87.4,0.57,2.05,,,,,,,,,,,0,87.4,24.27777778
Extra-high,1545,68,89,0.36,1.3,,,,,,,,,,,0,89,24.72222222
Extra-high,1546,69,90,0.22,0.8,,,,,,,,,,,0,90,25
Extra-high,1547,70,90.6,0.14,0.5,,,,,,,,,,,0,90.6,25.16666667
Extra-high,1548,71,91,0.13,0.45,,,,,,,,,,,0,91,25.27777778
Extra-high,1549,72,91.5,0.14,0.5,,,,,,,,,,,0,91.5,25.41666667
Extra-high,1550,73,92,0.17,0.6,,,,,,,,,,,0,92,25.55555556
Extra-high,1551,74,92.7,0.19,0.7,,,,,,,,,,,0,92.7,25.75
Extra-high,1552,75,93.4,0.21,0.75,,,,,,,,,,,0,93.4,25.94444444
Extra-high,1553,76,94.2,0.21,0.75,,,,,,,,,,,0,94.2,26.16666667
Extra-high,1554,77,94.9,0.21,0.75,,,,,,,,,,,0,94.9,26.36111111
Extra-high,1555,78,95.7,0.24,0.85,,,,,,,,,,,0,95.7,26.58333333
Extra-high,1556,79,96.6,0.28,1,,,,,,,,,,,0,96.6,26.83333333
Extra-high,1557,80,97.7,0.32,1.15,,,,,,,,,,,0,97.7,27.13888889
Extra-high,1558,81,98.9,0.38,1.35,,,,,,,,,,,0,98.9,27.47222222
Extra-high,1559,82,100.4,0.43,1.55,,,,,,,,,,,0,100.4,27.88888889
Extra-high,1560,83,102,0.44,1.6,,,,,,,,,,,0,102,28.33333333
Extra-high,1561,84,103.6,0.44,1.6,,,,,,,,,,,0,103.6,28.77777778
Extra-high,1562,85,105.2,0.44,1.6,,,,,,,,,,,0,105.2,29.22222222
Extra-high,1563,86,106.8,0.46,1.65,,,,,,,,,,,0,106.8,29.66666667
Extra-high,1564,87,108.5,0.47,1.7,,,,,,,,,,,0,108.5,30.13888889
Extra-high,1565,88,110.2,0.47,1.7,,,,,,,,,,,0,110.2,30.61111111
Extra-high,1566,89,111.9,0.49,1.75,,,,,,,,,,,0,111.9,31.08333333
Extra-high,1567,90,113.7,0.47,1.7,,,,,,,,,,,0,113.7,31.58333333
Extra-high,1568,91,115.3,0.43,1.55,,,,,,,,,,,0,115.3,32.02777778
Extra-high,1569,92,116.8,0.4,1.45,,,,,,,,,,,0,116.8,32.44444444
Extra-high,1570,93,118.2,0.38,1.35,,,,,,,,,,,0,118.2,32.83333333
Extra-high,1571,94,119.5,0.35,1.25,,,,,,,,,,,0,119.5,33.19444444
Extra-high,1572,95,120.7,0.32,1.15,,,,,,,,,,,0,120.7,33.52777778
Extra-high,1573,96,121.8,0.26,0.95,,,,,,,,,,,0,121.8,33.83333333
Extra-high,1574,97,122.6,0.19,0.7,,,,,,,,,,,0,122.6,34.05555556
Extra-high,1575,98,123.2,0.14,0.5,,,,,,,,,,,0,123.2,34.22222222
Extra-high,1576,99,123.6,0.07,0.25,,,,,,,,,,,0,123.6,34.33333333
Extra-high,1577,100,123.7,0,0,,,,,,,,,,,0,123.7,34.36111111
Extra-high,1578,101,123.6,-0.06,-0.2,,,,,,,,,,,0,123.6,34.33333333
Extra-high,1579,102,123.3,-0.08,-0.3,,,,,,,,,,,0,123.3,34.25
Extra-high,1580,103,123,-0.11,-0.4,,,,,,,,,,,0,123,34.16666667
Extra-high,1581,104,122.5,-0.13,-0.45,,,,,,,,,,,0,122.5,34.02777778
Extra-high,1582,105,122.1,-0.14,-0.5,,,,,,,,,,,0,122.1,33.91666667
Extra-high,1583,106,121.5,-0.18,-0.65,,,,,,,,,,,0,121.5,33.75
Extra-high,1584,107,120.8,-0.21,-0.75,,,,,,,,,,,0,120.8,33.55555556
Extra-high,1585,108,120,-0.24,-0.85,,,,,,,,,,,0,120,33.33333333
Extra-high,1586,109,119.1,-0.26,-0.95,,,,,,,,,,,0,119.1,33.08333333
Extra-high,1587,110,118.1,-0.28,-1,,,,,,,,,,,0,118.1,32.80555556
Extra-high,1588,111,117.1,-0.26,-0.95,,,,,,,,,,,0,117.1,32.52777778
Extra-high,1589,112,116.2,-0.22,-0.8,,,,,,,,,,,0,116.2,32.27777778
Extra-high,1590,113,115.5,-0.18,-0.65,,,,,,,,,,,0,115.5,32.08333333
Extra-high,1591,114,114.9,-0.14,-0.5,,,,,,,,,,,0,114.9,31.91666667
Extra-high,1592,115,114.5,-0.11,-0.4,,,,,,,,,,,0,114.5,31.80555556
Extra-high,1593,116,114.1,-0.08,-0.3,,,,,,,,,,,0,114.1,31.69444444
Extra-high,1594,117,113.9,-0.06,-0.2,,,,,,,,,,,0,113.9,31.63888889
Extra-high,1595,118,113.7,-0.08,-0.3,,,,,,,,,,,0,113.7,31.58333333
Extra-high,1596,119,113.3,-0.11,-0.4,,,,,,,,,,,0,113.3,31.47222222
Extra-high,1597,120,112.9,-0.15,-0.55,,,,,,,,,,,0,112.9,31.36111111
Extra-high,1598,121,112.2,-0.21,-0.75,,,,,,,,,,,0,112.2,31.16666667
Extra-high,1599,122,111.4,-0.24,-0.85,,,,,,,,,,,0,111.4,30.94444444
Extra-high,1600,123,110.5,-0.26,-0.95,,,,,,,,,,,0,110.5,30.69444444
Extra-high,1601,124,109.5,-0.28,-1,,,,,,,,,,,0,109.5,30.41666667
Extra-high,1602,125,108.5,-0.25,-0.9,,,,,,,,,,,0,108.5,30.13888889
Extra-high,1603,126,107.7,-0.19,-0.7,,,,,,,,,,,0,107.7,29.91666667
Extra-high,1604,127,107.1,-0.15,-0.55,,,,,,,,,,,0,107.1,29.75
Extra-high,1605,128,106.6,-0.1,-0.35,,,,,,,,,,,0,106.6,29.61111111
Extra-high,1606,129,106.4,-0.06,-0.2,,,,,,,,,,,0,106.4,29.55555556
Extra-high,1607,130,106.2,-0.03,-0.1,,,,,,,,,,,0,106.2,29.5
Extra-high,1608,131,106.2,0,0,,,,,,,,,,,0,106.2,29.5
Extra-high,1609,132,106.2,0.03,0.1,,,,,,,,,,,0,106.2,29.5
Extra-high,1610,133,106.4,0.04,0.15,,,,,,,,,,,0,106.4,29.55555556
Extra-high,1611,134,106.5,0.06,0.2,,,,,,,,,,,0,106.5,29.58333333
Extra-high,1612,135,106.8,0.1,0.35,,,,,,,,,,,0,106.8,29.66666667
Extra-high,1613,136,107.2,0.14,0.5,,,,,,,,,,,0,107.2,29.77777778
Extra-high,1614,137,107.8,0.18,0.65,,,,,,,,,,,0,107.8,29.94444444
Extra-high,1615,138,108.5,0.22,0.8,,,,,,,,,,,0,108.5,30.13888889
Extra-high,1616,139,109.4,0.28,1,,,,,,,,,,,0,109.4,30.38888889
Extra-high,1617,140,110.5,0.32,1.15,,,,,,,,,,,0,110.5,30.69444444
Extra-high,1618,141,111.7,0.35,1.25,,,,,,,,,,,0,111.7,31.02777778
Extra-high,1619,142,113,0.33,1.2,,,,,,,,,,,0,113,31.38888889
Extra-high,1620,143,114.1,0.29,1.05,,,,,,,,,,,0,114.1,31.69444444
Extra-high,1621,144,115.1,0.25,0.9,,,,,,,,,,,0,115.1,31.97222222
Extra-high,1622,145,115.9,0.19,0.7,,,,,,,,,,,0,115.9,32.19444444
Extra-high,1623,146,116.5,0.11,0.4,,,,,,,,,,,0,116.5,32.36111111
Extra-high,1624,147,116.7,0.01,0.05,,,,,,,,,,,0,116.7,32.41666667
Extra-high,1625,148,116.6,-0.07,-0.25,,,,,,,,,,,0,116.6,32.38888889
Extra-high,1626,149,116.2,-0.19,-0.7,,,,,,,,,,,0,116.2,32.27777778
Extra-high,1627,150,115.2,-0.33,-1.2,,,,,,,,,,,0,115.2,32
Extra-high,1628,151,113.8,-0.44,-1.6,,,,,,,,,,,0,113.8,31.61111111
Extra-high,1629,152,112,-0.51,-1.85,,,,,,,,,,,0,112,31.11111111
Extra-high,1630,153,110.1,-0.51,-1.85,,,,,,,,,,,0,110.1,30.58333333
Extra-high,1631,154,108.3,-0.43,-1.55,,,,,,,,,,,0,108.3,30.08333333
Extra-high,1632,155,107,-0.31,-1.1,,,,,,,,,,,0,107,29.72222222
Extra-high,1633,156,106.1,-0.17,-0.6,,,,,,,,,,,0,106.1,29.47222222
Extra-high,1634,157,105.8,-0.06,-0.2,,,,,,,,,,,0,105.8,29.38888889
Extra-high,1635,158,105.7,-0.01,-0.05,,,,,,,,,,,0,105.7,29.36111111
Extra-high,1636,159,105.7,-0.01,-0.05,,,,,,,,,,,0,105.7,29.36111111
Extra-high,1637,160,105.6,-0.06,-0.2,,,,,,,,,,,0,105.6,29.33333333
Extra-high,1638,161,105.3,-0.1,-0.35,,,,,,,,,,,0,105.3,29.25
Extra-high,1639,162,104.9,-0.12,-0.45,,,,,,,,,,,0,104.9,29.13888889
Extra-high,1640,163,104.4,-0.13,-0.45,,,,,,,,,,,0,104.4,29
Extra-high,1641,164,104,-0.08,-0.3,,,,,,,,,,,0,104,28.88888889
Extra-high,1642,165,103.8,-0.01,-0.05,,,,,,,,,,,0,103.8,28.83333333
Extra-high,1643,166,103.9,0.08,0.3,,,,,,,,,,,0,103.9,28.86111111
Extra-high,1644,167,104.4,0.17,0.6,,,,,,,,,,,0,104.4,29
Extra-high,1645,168,105.1,0.24,0.85,,,,,,,,,,,0,105.1,29.19444444
Extra-high,1646,169,106.1,0.29,1.05,,,,,,,,,,,0,106.1,29.47222222
Extra-high,1647,170,107.2,0.33,1.2,,,,,,,,,,,0,107.2,29.77777778
Extra-high,1648,171,108.5,0.38,1.35,,,,,,,,,,,0,108.5,30.13888889
Extra-high,1649,172,109.9,0.39,1.4,,,,,,,,,,,0,109.9,30.52777778
Extra-high,1650,173,111.3,0.39,1.4,,,,,,,,,,,0,111.3,30.91666667
Extra-high,1651,174,112.7,0.36,1.3,,,,,,,,,,,0,112.7,31.30555556
Extra-high,1652,175,113.9,0.32,1.15,,,,,,,,,,,0,113.9,31.63888889
Extra-high,1653,176,115,0.29,1.05,,,,,,,,,,,0,115,31.94444444
Extra-high,1654,177,116,0.25,0.9,,,,,,,,,,,0,116,32.22222222
Extra-high,1655,178,116.8,0.22,0.8,,,,,,,,,,,0,116.8,32.44444444
Extra-high,1656,179,117.6,0.22,0.8,,,,,,,,,,,0,117.6,32.66666667
Extra-high,1657,180,118.4,0.22,0.8,,,,,,,,,,,0,118.4,32.88888889
Extra-high,1658,181,119.2,0.22,0.8,,,,,,,,,,,0,119.2,33.11111111
Extra-high,1659,182,120,0.22,0.8,,,,,,,,,,,0,120,33.33333333
Extra-high,1660,183,120.8,0.22,0.8,,,,,,,,,,,0,120.8,33.55555556
Extra-high,1661,184,121.6,0.21,0.75,,,,,,,,,,,0,121.6,33.77777778
Extra-high,1662,185,122.3,0.21,0.75,,,,,,,,,,,0,122.3,33.97222222
Extra-high,1663,186,123.1,0.21,0.75,,,,,,,,,,,0,123.1,34.19444444
Extra-high,1664,187,123.8,0.18,0.65,,,,,,,,,,,0,123.8,34.38888889
Extra-high,1665,188,124.4,0.17,0.6,,,,,,,,,,,0,124.4,34.55555556
Extra-high,1666,189,125,0.14,0.5,,,,,,,,,,,0,125,34.72222222
Extra-high,1667,190,125.4,0.11,0.4,,,,,,,,,,,0,125.4,34.83333333
Extra-high,1668,191,125.8,0.1,0.35,,,,,,,,,,,0,125.8,34.94444444
Extra-high,1669,192,126.1,0.08,0.3,,,,,,,,,,,0,126.1,35.02777778
Extra-high,1670,193,126.4,0.07,0.25,,,,,,,,,,,0,126.4,35.11111111
Extra-high,1671,194,126.6,0.04,0.15,,,,,,,,,,,0,126.6,35.16666667
Extra-high,1672,195,126.7,0.03,0.1,,,,,,,,,,,0,126.7,35.19444444
Extra-high,1673,196,126.8,0.03,0.1,,,,,,,,,,,0,126.8,35.22222222
Extra-high,1674,197,126.9,0.01,0.05,,,,,,,,,,,0,126.9,35.25
Extra-high,1675,198,126.9,0,0,,,,,,,,,,,0,126.9,35.25
Extra-high,1676,199,126.9,-0.01,-0.05,,,,,,,,,,,0,126.9,35.25
Extra-high,1677,200,126.8,-0.04,-0.15,,,,,,,,,,,0,126.8,35.22222222
Extra-high,1678,201,126.6,-0.07,-0.25,,,,,,,,,,,0,126.6,35.16666667
Extra-high,1679,202,126.3,-0.08,-0.3,,,,,,,,,,,0,126.3,35.08333333
Extra-high,1680,203,126,-0.08,-0.3,,,,,,,,,,,0,126,35
Extra-high,1681,204,125.7,-0.06,-0.2,,,,,,,,,,,0,125.7,34.91666667
Extra-high,1682,205,125.6,-0.01,-0.05,,,,,,,,,,,0,125.6,34.88888889
Extra-high,1683,206,125.6,0.03,0.1,,,,,,,,,,,0,125.6,34.88888889
Extra-high,1684,207,125.8,0.08,0.3,,,,,,,,,,,0,125.8,34.94444444
Extra-high,1685,208,126.2,0.11,0.4,,,,,,,,,,,0,126.2,35.05555556
Extra-high,1686,209,126.6,0.11,0.4,,,,,,,,,,,0,126.6,35.16666667
Extra-high,1687,210,127,0.11,0.4,,,,,,,,,,,0,127,35.27777778
Extra-high,1688,211,127.4,0.08,0.3,,,,,,,,,,,0,127.4,35.38888889
Extra-high,1689,212,127.6,0.06,0.2,,,,,,,,,,,0,127.6,35.44444444
Extra-high,1690,213,127.8,0.04,0.15,,,,,,,,,,,0,127.8,35.5
Extra-high,1691,214,127.9,0.03,0.1,,,,,,,,,,,0,127.9,35.52777778
Extra-high,1692,215,128,0.03,0.1,,,,,,,,,,,0,128,35.55555556
Extra-high,1693,216,128.1,0.03,0.1,,,,,,,,,,,0,128.1,35.58333333
Extra-high,1694,217,128.2,0.03,0.1,,,,,,,,,,,0,128.2,35.61111111
Extra-high,1695,218,128.3,0.03,0.1,,,,,,,,,,,0,128.3,35.63888889
Extra-high,1696,219,128.4,0.03,0.1,,,,,,,,,,,0,128.4,35.66666667
Extra-high,1697,220,128.5,0.03,0.1,,,,,,,,,,,0,128.5,35.69444444
Extra-high,1698,221,128.6,0.01,0.05,,,,,,,,,,,0,128.6,35.72222222
Extra-high,1699,222,128.6,-0.01,-0.05,,,,,,,,,,,0,128.6,35.72222222
Extra-high,1700,223,128.5,-0.04,-0.15,,,,,,,,,,,0,128.5,35.69444444
Extra-high,1701,224,128.3,-0.06,-0.2,,,,,,,,,,,0,128.3,35.63888889
Extra-high,1702,225,128.1,-0.06,-0.2,,,,,,,,,,,0,128.1,35.58333333
Extra-high,1703,226,127.9,-0.07,-0.25,,,,,,,,,,,0,127.9,35.52777778
Extra-high,1704,227,127.6,-0.07,-0.25,,,,,,,,,,,0,127.6,35.44444444
Extra-high,1705,228,127.4,-0.06,-0.2,,,,,,,,,,,0,127.4,35.38888889
Extra-high,1706,229,127.2,-0.06,-0.2,,,,,,,,,,,0,127.2,35.33333333
Extra-high,1707,230,127,-0.04,-0.15,,,,,,,,,,,0,127,35.27777778
Extra-high,1708,231,126.9,-0.03,-0.1,,,,,,,,,,,0,126.9,35.25
Extra-high,1709,232,126.8,-0.03,-0.1,,,,,,,,,,,0,126.8,35.22222222
Extra-high,1710,233,126.7,0,0,,,,,,,,,,,0,126.7,35.19444444
Extra-high,1711,234,126.8,0.03,0.1,,,,,,,,,,,0,126.8,35.22222222
Extra-high,1712,235,126.9,0.04,0.15,,,,,,,,,,,0,126.9,35.25
Extra-high,1713,236,127.1,0.07,0.25,,,,,,,,,,,0,127.1,35.30555556
Extra-high,1714,237,127.4,0.08,0.3,,,,,,,,,,,0,127.4,35.38888889
Extra-high,1715,238,127.7,0.1,0.35,,,,,,,,,,,0,127.7,35.47222222
Extra-high,1716,239,128.1,0.11,0.4,,,,,,,,,,,0,128.1,35.58333333
Extra-high,1717,240,128.5,0.13,0.45,,,,,,,,,,,0,128.5,35.69444444
Extra-high,1718,241,129,0.14,0.5,,,,,,,,,,,0,129,35.83333333
Extra-high,1719,242,129.5,0.15,0.55,,,,,,,,,,,0,129.5,35.97222222
Extra-high,1720,243,130.1,0.15,0.55,,,,,,,,,,,0,130.1,36.13888889
Extra-high,1721,244,130.6,0.13,0.45,,,,,,,,,,,0,130.6,36.27777778
Extra-high,1722,245,131,0.08,0.3,,,,,,,,,,,0,131,36.38888889
Extra-high,1723,246,131.2,0.04,0.15,,,,,,,,,,,0,131.2,36.44444444
Extra-high,1724,247,131.3,0,0,,,,,,,,,,,0,131.3,36.47222222
Extra-high,1725,248,131.2,-0.08,-0.3,,,,,,,,,,,0,131.2,36.44444444
Extra-high,1726,249,130.7,-0.19,-0.7,,,,,,,,,,,0,130.7,36.30555556
Extra-high,1727,250,129.8,-0.32,-1.15,,,,,,,,,,,0,129.8,36.05555556
Extra-high,1728,251,128.4,-0.46,-1.65,,,,,,,,,,,0,128.4,35.66666667
Extra-high,1729,252,126.5,-0.6,-2.15,,,,,,,,,,,0,126.5,35.13888889
Extra-high,1730,253,124.1,-0.68,-2.45,,,,,,,,,,,0,124.1,34.47222222
Extra-high,1731,254,121.6,-0.71,-2.55,,,,,,,,,,,0,121.6,33.77777778
Extra-high,1732,255,119,-0.71,-2.55,,,,,,,,,,,0,119,33.05555556
Extra-high,1733,256,116.5,-0.68,-2.45,,,,,,,,,,,0,116.5,32.36111111
Extra-high,1734,257,114.1,-0.65,-2.35,,,,,,,,,,,0,114.1,31.69444444
Extra-high,1735,258,111.8,-0.64,-2.3,,,,,,,,,,,0,111.8,31.05555556
Extra-high,1736,259,109.5,-0.65,-2.35,,,,,,,,,,,0,109.5,30.41666667
Extra-high,1737,260,107.1,-0.65,-2.35,,,,,,,,,,,0,107.1,29.75
Extra-high,1738,261,104.8,-0.64,-2.3,,,,,,,,,,,0,104.8,29.11111111
Extra-high,1739,262,102.5,-0.61,-2.2,,,,,,,,,,,0,102.5,28.47222222
Extra-high,1740,263,100.4,-0.54,-1.95,,,,,,,,,,,0,100.4,27.88888889
Extra-high,1741,264,98.6,-0.44,-1.6,,,,,,,,,,,0,98.6,27.38888889
Extra-high,1742,265,97.2,-0.37,-1.35,,,,,,,,,,,0,97.2,27
Extra-high,1743,266,95.9,-0.33,-1.2,,,,,,,,,,,0,95.9,26.63888889
Extra-high,1744,267,94.8,-0.29,-1.05,,,,,,,,,,,0,94.8,26.33333333
Extra-high,1745,268,93.8,-0.28,-1,,,,,,,,,,,0,93.8,26.05555556
Extra-high,1746,269,92.8,-0.28,-1,,,,,,,,,,,0,92.8,25.77777778
Extra-high,1747,270,91.8,-0.25,-0.9,,,,,,,,,,,0,91.8,25.5
Extra-high,1748,271,91,-0.22,-0.8,,,,,,,,,,,0,91,25.27777778
Extra-high,1749,272,90.2,-0.19,-0.7,,,,,,,,,,,0,90.2,25.05555556
Extra-high,1750,273,89.6,-0.15,-0.55,,,,,,,,,,,0,89.6,24.88888889
Extra-high,1751,274,89.1,-0.14,-0.5,,,,,,,,,,,0,89.1,24.75
Extra-high,1752,275,88.6,-0.14,-0.5,,,,,,,,,,,0,88.6,24.61111111
Extra-high,1753,276,88.1,-0.14,-0.5,,,,,,,,,,,0,88.1,24.47222222
Extra-high,1754,277,87.6,-0.14,-0.5,,,,,,,,,,,0,87.6,24.33333333
Extra-high,1755,278,87.1,-0.14,-0.5,,,,,,,,,,,0,87.1,24.19444444
Extra-high,1756,279,86.6,-0.14,-0.5,,,,,,,,,,,0,86.6,24.05555556
Extra-high,1757,280,86.1,-0.15,-0.55,,,,,,,,,,,0,86.1,23.91666667
Extra-high,1758,281,85.5,-0.15,-0.55,,,,,,,,,,,0,85.5,23.75
Extra-high,1759,282,85,-0.15,-0.55,,,,,,,,,,,0,85,23.61111111
Extra-high,1760,283,84.4,-0.17,-0.6,,,,,,,,,,,0,84.4,23.44444444
Extra-high,1761,284,83.8,-0.17,-0.6,,,,,,,,,,,0,83.8,23.27777778
Extra-high,1762,285,83.2,-0.17,-0.6,,,,,,,,,,,0,83.2,23.11111111
Extra-high,1763,286,82.6,-0.17,-0.6,,,,,,,,,,,0,82.6,22.94444444
Extra-high,1764,287,82,-0.18,-0.65,,,,,,,,,,,0,82,22.77777778
Extra-high,1765,288,81.3,-0.22,-0.8,,,,,,,,,,,0,81.3,22.58333333
Extra-high,1766,289,80.4,-0.31,-1.1,,,,,,,,,,,0,80.4,22.33333333
Extra-high,1767,290,79.1,-0.42,-1.5,,,,,,,,,,,0,79.1,21.97222222
Extra-high,1768,291,77.4,-0.56,-2,,,,,,,,,,,0,77.4,21.5
Extra-high,1769,292,75.1,-0.71,-2.55,,,,,,,,,,,0,75.1,20.86111111
Extra-high,1770,293,72.3,-0.83,-3,,,,,,,,,,,0,72.3,20.08333333
Extra-high,1771,294,69.1,-0.89,-3.2,,,,,,,,,,,0,69.1,19.19444444
Extra-high,1772,295,65.9,-0.89,-3.2,,,,,,,,,,,0,65.9,18.30555556
Extra-high,1773,296,62.7,-0.86,-3.1,,,,,,,,,,,0,62.7,17.41666667
Extra-high,1774,297,59.7,-0.79,-2.85,,,,,,,,,,,0,59.7,16.58333333
Extra-high,1775,298,57,-0.71,-2.55,,,,,,,,,,,0,57,15.83333333
Extra-high,1776,299,54.6,-0.67,-2.4,,,,,,,,,,,0,54.6,15.16666667
Extra-high,1777,300,52.2,-0.68,-2.45,,,,,,,,,,,0,52.2,14.5
Extra-high,1778,301,49.7,-0.75,-2.7,,,,,,,,,,,0,49.7,13.80555556
Extra-high,1779,302,46.8,-0.86,-3.1,,,,,,,,,,,0,46.8,13
Extra-high,1780,303,43.5,-0.96,-3.45,,,,,,,,,,,0,43.5,12.08333333
Extra-high,1781,304,39.9,-0.99,-3.55,,,,,,,,,,,0,39.9,11.08333333
Extra-high,1782,305,36.4,-0.93,-3.35,,,,,,,,,,,0,36.4,10.11111111
Extra-high,1783,306,33.2,-0.82,-2.95,,,,,,,,,,,0,33.2,9.222222222
Extra-high,1784,307,30.5,-0.68,-2.45,,,,,,,,,,,0,30.5,8.472222222
Extra-high,1785,308,28.3,-0.58,-2.1,,,,,,,,,,,0,28.3,7.861111111
Extra-high,1786,309,26.3,-0.54,-1.95,,,,,,,,,,,0,26.3,7.305555556
Extra-high,1787,310,24.4,-0.53,-1.9,,,,,,,,,,,0,24.4,6.777777778
Extra-high,1788,311,22.5,-0.54,-1.95,,,,,,,,,,,0,22.5,6.25
Extra-high,1789,312,20.5,-0.6,-2.15,,,,,,,,,,,0,20.5,5.694444444
Extra-high,1790,313,18.2,-0.69,-2.5,,,,,,,,,,,0,18.2,5.055555556
Extra-high,1791,314,15.5,-0.82,-2.95,,,,,,,,,,,0,15.5,4.305555556
Extra-high,1792,315,12.3,-0.94,-3.4,,,,,,,,,,,0,12.3,3.416666667
Extra-high,1793,316,8.7,-0.99,-3.55,,,,,,,,,,,0,8.7,2.416666667
Extra-high,1794,317,5.2,-1.21,-4.35,,,,,,,,,,,0,5.2,1.444444444
Extra-high,1795,318,0,-0.72,-2.6,,,,,,,,,,,1,,0
Extra-high,1796,319,0,0,0,,,,,,,,,,,1,,0
Extra-high,1797,320,0,0,0,,,,,,,,,,,1,,0
Extra-high,1798,321,0,0,0,,,,,,,,,,,1,,0
Extra-high,1799,322,0,0,0,,,,,,,,,,,1,,0
Extra-high,1800,323,0,0,0,,,,,,,,,,,1,,0
